{
  "components/page/contact-page-no-sidenav": "<div class=\"page-contact page-content no-sidenav\">\n  {{> components/common/breadcrumbs breadcrumbs=breadcrumbs}}\n  <h1 class=\"page-heading\">{{page.title}}</h1>\n\n  {{#if page.sub_pages}}\n      <nav class=\"navBar\">\n          <ul class=\"navBar-section\">\n              {{#each page.sub_pages}}\n                  <li class=\"navBar-item\"><a class=\"navBar-action\" href=\"{{url}}\">{{title}}</a></li>\n              {{/each}}\n          </ul>\n      </nav>\n  {{/if}}\n    {{#if forms.contact.success}}\n        {{{lang 'forms.contact_us.successful' shopPath=urls.home}}}\n    {{else}}\n        <p>{{{page.content}}}</p>\n        {{> components/page/contact-us-form}}\n    {{/if}}\n\n    <!-- INSTAGRAM FEED -->\n    {{#if theme_settings.feed_position '===' 'above-footer'}}\n    {{#if theme_settings.feed_presence '===' 'instafeed_site_wide'}}\n    <div class=\"instagram-feed above-footer\">\n      {{> components/custom/instagram-feed}}\n      <div class=\"clear\"></div>\n    </div>\n    {{/if}}\n    {{/if}}\n\n</div>\n",
  "components/common/breadcrumbs": "<ul class=\"breadcrumbs\">\n    {{#each breadcrumbs}}\n        <li class=\"breadcrumb {{#if @last}}is-active{{/if}}\">\n            {{#if url}}\n                <a href=\"{{url}}\" class=\"breadcrumb-label\">{{name}}</a>\n            {{else}}\n                <span class=\"breadcrumb-label\">{{name}}</span>\n            {{/if}}\n        </li>\n    {{/each}}\n</ul>\n",
  "components/page/contact-us-form": "<form data-contact-form class=\"form\" action=\"{{urls.contact_us_submit}}\" method=\"post\">\n    {{#if forms.contact.error}}\n        {{> components/common/alert-error forms.contact.error}}\n    {{/if}}\n    <input type=\"hidden\" name=\"page_id\" id=\"page_id\" value=\"{{forms.contact.page_id}}\">\n    <div class=\"form-row form-row--half\">\n        {{#if forms.contact.name}}\n            <div class=\"form-field\">\n                <label class=\"form-label\" for=\"contact_fullname\">{{lang 'forms.contact_us.full_name'}}</label>\n                <input class=\"form-input\" type=\"text\" id=\"contact_fullname\" name=\"contact_fullname\" value=\"{{customer.name}}\">\n            </div>\n        {{/if}}\n\n        {{#if forms.contact.phone}}\n            <div class=\"form-field\">\n                <label class=\"form-label\" for=\"contact_phone\">{{lang 'forms.contact_us.phone'}}</label>\n                <input class=\"form-input\" type=\"text\" id=\"contact_phone\" name=\"contact_phone\" value=\"{{customer.phone}}\">\n            </div>\n        {{/if}}\n\n        <div class=\"form-field\">\n            <label class=\"form-label\" for=\"contact_email\">{{lang 'forms.contact_us.email'}}\n                <small>{{lang 'common.required' }}</small>\n            </label>\n            <input class=\"form-input\" type=\"text\" id=\"contact_email\" name=\"contact_email\" value=\"{{customer.email}}\">\n        </div>\n\n        {{#if forms.contact.order}}\n            <div class=\"form-field\">\n                <label class=\"form-label\" for=\"contact_orderno\">{{lang 'forms.contact_us.order'}}</label>\n                <input class=\"form-input\" type=\"text\" id=\"contact_orderno\" name=\"contact_orderno\">\n            </div>\n        {{/if}}\n\n        {{#if forms.contact.company}}\n            <div class=\"form-field\">\n                <label class=\"form-label\" for=\"contact_companyname\">{{lang 'forms.contact_us.company'}}</label>\n                <input class=\"form-input\" type=\"text\" id=\"contact_companyname\" name=\"contact_companyname\">\n            </div>\n        {{/if}}\n\n        {{#if forms.contact.rma}}\n            <div class=\"form-field\">\n                <label class=\"form-label\" for=\"contact_rma\">{{lang 'forms.contact_us.rma'}}</label>\n                <input class=\"form-input\" type=\"text\" id=\"contact_rma\" name=\"contact_rma\">\n            </div>\n        {{/if}}\n    </div>\n\n    <div class=\"form-field\">\n        <label class=\"form-label\" for=\"contact_question\">{{lang 'forms.contact_us.question'}}\n            <small>{{lang 'common.required' }}</small>\n        </label>\n        <textarea name=\"contact_question\" id=\"contact_question\" rows=\"5\" cols=\"50\" class=\"form-input\"></textarea>\n    </div>\n\n    {{{forms.contact.recaptcha.markup}}}\n\n    <div class=\"form-actions\">\n        <input class=\"button button--primary\" type=\"submit\" value=\"{{lang 'forms.contact_us.submit' }}\">\n    </div>\n</form>\n",
  "components/custom/instagram-feed": "{{#if theme_settings.enable_instagram_feed '===' true}}\n<section class=\"content\">\n    <h2 class=\"container-header instagram-header\"><span>{{lang 'social-feed.latest_instagram'}}</span></h2>\n    <div id=\"instafeed\" class=\"instagramFeed postColumns--{{theme_settings.instagram_columns_count}}\"></div>\n</section>\n{{/if}}  \n",
  "components/common/alert-error": "<div class=\"alertBox alertBox--error\">\n    <div class=\"alertBox-column alertBox-icon\">\n        <icon glyph=\"ic-error\" class=\"icon\" aria-hidden=\"true\"><svg xmlns=\"http://www.w3.org/2000/svg\" width=\"24\" height=\"24\" viewBox=\"0 0 24 24\"><path d=\"M12 2C6.48 2 2 6.48 2 12s4.48 10 10 10 10-4.48 10-10S17.52 2 12 2zm1 15h-2v-2h2v2zm0-4h-2V7h2v6z\"></path></svg></icon>\n    </div>\n    <p class=\"alertBox-column alertBox-message\">\n        <span>{{{this}}}</span>\n    </p>\n</div>\n"
}