{
  "components/products/carousel": "{{!-- LimMedia.io --}}\n<section class=\"productCarousel\"\n    data-slick='{\n        \"dots\": true,\n        \"infinite\": false,\n        \"mobileFirst\": true,\n        \"slidesToShow\": 2,\n        \"slidesToScroll\": 2,\n        \"responsive\": [\n            {\n                \"breakpoint\": 1260,\n                \"settings\": {\n                    \"slidesToScroll\": 3,\n                    \"slidesToShow\": {{ columns }}\n                }\n            },\n            {\n                \"breakpoint\": 800,\n                \"settings\": {\n                    \"slidesToScroll\": 3,\n                    \"slidesToShow\": 5\n                }\n            },\n            {\n                \"breakpoint\": 550,\n                \"settings\": {\n                    \"slidesToScroll\": 3,\n                    \"slidesToShow\": 3\n                }\n            }\n        ]\n    }'\n>\n    {{#each products}}\n    <div class=\"productCarousel-slide\">\n        {{>components/products/card settings=../settings show_compare=../show_compare show_rating=../settings.show_product_rating theme_settings=../theme_settings customer=../customer}}\n    </div>\n    {{/each}}\n</section>\n",
  "components/products/card": "{{!-- LimMedia.io --}}\n{{#if show_compare}}\n<article class=\"card compare-enabled {{#if alternate}}card--alternate{{/if}} price-visibility{{#or customer (if theme_settings.restrict_to_login '===' true)}} restricted{{/or}} {{#if theme_settings.card-brand-name '===' true}}brand-sku-active{{/if}} {{#if theme_settings.card-brand-name '===' false}}brand-hidden{{/if}} {{#if theme_settings.card-sku '===' true}}brand-sku-active{{/if}} {{#if theme_settings.card-sku '===' false}}sku-hidden{{/if}} {{#if theme_settings.card-title-lines '===' '2-lines'}}card-title-two-lines{{/if}} {{#if theme_settings.card-title-lines '===' '3-lines'}}card-title-three-lines{{/if}} {{#if theme_settings.cardTitle-fontSize '==' '14'}}card-title-fourteen{{/if}} {{#if theme_settings.cardTitle-fontSize '==' '16'}}card-title-sixteen{{/if}} {{#if theme_settings.cardTitle-fontFamily '==' 'IBM+Plex+Sans_700'}}ibm-fonts{{/if}}\">\n    <figure class=\"card-figure {{#if images.length '>' 1}} multiple-images{{/if}} {{#if theme_settings.product_hover_images '===' 'active'}} second-hover-img-active{{/if}}\">\n    {{#or price.non_sale_price_with_tax price.non_sale_price_without_tax}}\n            {{#if theme_settings.product_sale_badges '===' 'sash'}}\n                <div class=\"sale-flag-sash\">\n                    <span class=\"sale-text\">SALE</span>\n                </div>\n            {{else if theme_settings.product_sale_badges '===' 'topleft'}}\n                <div class=\"sale-flag-side\">\n                    <span class=\"sale-text\">SALE</span>\n                </div>\n            {{else if theme_settings.product_sale_badges '===' 'burst'}}\n                <div class=\"starwrap\">\n                    <div class=\"sale-text-burst\">SALE</div>\n                    <div class=\"sale-flag-star\"></div>\n                </div>\n            {{/if}}\n        {{/or}}\n\n        <a class=\"image-link desktop\" href=\"{{url}}\" {{#if settings.data_tag_enabled}} data-event-type=\"product-click\" {{/if}}>\n            <img class='card-image primary lazyload' data-sizes=\"auto\" src=\"{{cdn 'img/loading.svg'}}\" data-src=\"{{getImage image 'productgallery_size' (cdn theme_settings.default_image_product)}}\" alt=\"{{image.alt}}\" title=\"{{image.alt}}\">\n            {{#if theme_settings.product_hover_images '===' 'active'}}\n              {{#each (limit images 2)}}\n                {{#if @index '>' 0}}\n                  <img class='card-image alt lazyload' src=\"{{cdn 'img/loading.svg'}}\" data-src=\"{{getImage this 'productgallery_size' (cdn theme_settings.default_image_product)}}\" alt=\"{{this.alt}}\" title=\"{{this.alt}}\">\n                {{/if}}\n              {{/each}}\n            {{/if}}\n          </a>\n\n        {{#if theme_settings.show_product_quick_view}}\n        <figcaption class=\"card-figcaption quick-view active\">\n            <div class=\"card-figcaption-body\">\n              {{#unless hide_product_quick_view}}\n                  {{#if theme_settings.show_product_quick_view}}\n                      {{#unless demo}}\n                          <a href=\"#\" class=\"button button--small card-figcaption-button quickview\" data-product-id=\"{{id}}\">{{lang 'products.quick_view'}}</a>\n                      {{/unless}}\n                  {{/if}}\n              {{/unless}}\n            </div>\n        </figcaption>\n        {{/if}}\n    </figure>\n\n    <hr  class=\"card-img-underscore\"></hr>\n\n\n        {{#if theme_settings.price_as_low_as '===' true}}\n        {{#or customer (if theme_settings.restrict_to_login '!==' true)}}\n        <div class=\"card-body with-as-low-as-pricing purchase-ability{{#or customer (if theme_settings.restrict_to_login '===' true)}} restricted{{/or}}\" data-test-info-type=\"price\">\n\n          <div class=\"card-sku-brand-section {{#if theme_settings.card-brand-sku-separate-lines '===' true}} separate-lines {{/if}} {{#or (if theme_settings.card-brand-name '==' true) (if theme_settings.card-sku '==' true)}} card-sku-brand-visible{{/or}}\">\n              <h4 class=\"card-text brand\" data-test-info-type=\"brandName\">{{brand.name}}</h4>\n              {{#if theme_settings.card-brand-name '===' true}}\n               {{#if brand.name}}\n               {{#if theme_settings.card-sku '===' true}}\n               {{#if sku}}\n                 <span class=\"brand-sku-divider\">|</span>\n               {{/if}}\n               {{/if}}\n               {{/if}}\n             {{/if}}\n            <h4 class=\"card-text sku {{#if theme_settings.card-sku-2-lines '===' true}} two-lines {{/if}}\">\n              {{#if theme_settings.card-sku '===' true}}\n              {{#if sku}}\n                <span class=\"sku-label\">{{lang 'sku'}}:</span>\n                <span class=\"sku-value\" data-product-sku>{{sku}}</span>\n              {{/if}}\n              {{/if}}\n            </h4>\n          </div>\n\n            <h4 class=\"card-title\">\n                <a href=\"{{url}}\">{{name}}</a>\n            </h4>\n\n                <p class=\"card-text\" data-test-info-type=\"productRating\">\n                    <span class=\"rating--small\">\n                        {{> components/products/ratings rating=rating}}\n                    </span>\n                </p>\n\n\n            <div class=\"card-text\" data-test-info-type=\"price\">\n                <div class=\"price-visibility{{#or customer (if theme_settings.restrict_to_login '===' true)}} visible{{/or}}\">\n                  {{#or customer (if theme_settings.restrict_to_login '!==' true)}}\n                    {{> components/products/price price=price customer=customer}}\n                  {{else}}\n                </div>\n                <div class=\"price-visibility{{#or customer (if theme_settings.restrict_to_login '===' true)}} restricted{{/or}}\">\n                    {{> components/common/login-for-pricing}}\n                {{/or}}\n                </div>\n            </div>\n            {{> components/products/bulk-discount-rates}}\n            {{#or customer (if theme_settings.restrict_to_login '!==' true)}}\n            <div class=\"card-text add-to-cart-button\">\n                    {{#if show_cart_action}}\n                        {{#if has_options}}\n                            <a href=\"{{url}}\" class=\"button button--small card-figcaption-button\" data-product-id=\"{{id}}\">{{lang 'products.choose_options'}}</a>\n                        {{/if}}\n                        {{#if pre_order}}\n                            <a href=\"{{url}}\" class=\"button button--small card-figcaption-button\">{{lang 'products.pre_order'}}</a>\n                        {{/if}}\n                        {{#if add_to_cart_url }}\n                        <a href=\"{{add_to_cart_url}}{{#each custom_fields}}{{#if name '===' 'interval quantity'}}&qty={{value}}{{/if}}{{/each}}\" class=\"button button--small card-figcaption-button\">{{lang 'products.add_to_cart'}}</a>\n                        {{/if}}\n                        {{#if out_of_stock_message }}\n                            <a href=\"{{url}}\" class=\"button button--small card-figcaption-button\" data-product-id=\"{{id}}\">{{out_of_stock_message}}</a>\n                        {{/if}}\n                    {{/if}}\n\n                    {{#if show_compare}}\n                        <label class=\"button button--small card-figcaption-button compare\" for=\"compare-{{id}}\">\n                            <span class=\"custom-checkbox\"><input type=\"checkbox\" name=\"products[]\" value=\"{{id}}\" id=\"compare-{{id}}\" data-compare-id=\"{{id}}\"></span>\n                            <span class=\"compare-text\">{{lang 'products.compare'}}</span>\n                        </label>\n                    {{/if}}\n            </div>\n            {{/or}}\n        </div>\n        {{else if theme_settings.price_as_low_as '===' true}}\n        {{#or customer (if theme_settings.restrict_to_login '===' true)}}\n        <div class=\"card-body with-as-low-as-pricing purchase-ability{{#or customer (if theme_settings.restrict_to_login '===' true)}} restricted{{/or}}\" data-test-info-type=\"price\">\n\n          <div class=\"card-sku-brand-section {{#if theme_settings.card-brand-sku-separate-lines '===' true}} separate-lines {{/if}} {{#or (if theme_settings.card-brand-name '==' true) (if theme_settings.card-sku '==' true)}} card-sku-brand-visible{{/or}}\">\n              <h4 class=\"card-text brand {{#if theme_settings.card-brand-2-lines '===' true}} two-lines {{/if}}\" data-test-info-type=\"brandName\">{{brand.name}}</h4>\n              {{#if theme_settings.card-brand-name '===' true}}\n               {{#if brand.name}}\n               {{#if theme_settings.card-sku '===' true}}\n               {{#if sku}}\n                 <span class=\"brand-sku-divider\">|</span>\n               {{/if}}\n               {{/if}}\n               {{/if}}\n             {{/if}}\n            <h4 class=\"card-text sku {{#if theme_settings.card-sku-2-lines '===' true}} two-lines {{/if}}\">\n              {{#if theme_settings.card-sku '===' true}}\n              {{#if sku}}\n                <span class=\"sku-label\">{{lang 'sku'}}:</span>\n                <span class=\"sku-value\" data-product-sku>{{sku}}</span>\n              {{/if}}\n              {{/if}}\n            </h4>\n          </div>\n\n            <h4 class=\"card-title\">\n                <a href=\"{{url}}\">{{name}}</a>\n            </h4>\n            {{#if show_rating}}\n                <p class=\"card-text\" data-test-info-type=\"productRating\">\n                    <span class=\"rating--small\">\n                        {{> components/products/ratings rating=rating}}\n                    </span>\n                </p>\n            {{/if}}\n\n            <div class=\"card-text\" data-test-info-type=\"price\">\n                <div class=\"price-visibility{{#or customer (if theme_settings.restrict_to_login '===' true)}} visible{{/or}}\">\n                  {{#or customer (if theme_settings.restrict_to_login '!==' true)}}\n                    {{> components/products/price price=price customer=customer}}\n                  {{else}}\n                </div>\n                <div class=\"price-visibility{{#or customer (if theme_settings.restrict_to_login '===' true)}} restricted{{/or}}\">\n                    {{> components/common/login-for-pricing}}\n                {{/or}}\n                </div>\n            </div>\n            {{> components/products/bulk-discount-rates}}\n            {{#or customer (if theme_settings.restrict_to_login '!==' true)}}\n            <div class=\"card-text add-to-cart-button\">\n                    {{#if show_cart_action}}\n                        {{#if has_options}}\n                            <a href=\"{{url}}\" class=\"button button--small card-figcaption-button\" data-product-id=\"{{id}}\">{{lang 'products.choose_options'}}</a>\n                        {{/if}}\n                        {{#if pre_order}}\n                            <a href=\"{{url}}\" class=\"button button--small card-figcaption-button\">{{lang 'products.pre_order'}}</a>\n                        {{/if}}\n                        {{#if add_to_cart_url }}\n                            <a href=\"{{add_to_cart_url}}\" class=\"button button--small card-figcaption-button\">{{lang 'products.add_to_cart'}}</a>\n                        {{/if}}\n                        {{#if out_of_stock_message }}\n                            <a href=\"{{url}}\" class=\"button button--small card-figcaption-button\" data-product-id=\"{{id}}\">{{out_of_stock_message}}</a>\n                        {{/if}}\n                    {{/if}}\n\n                    {{#if show_compare}}\n                        <label class=\"button button--small card-figcaption-button compare\" for=\"compare-{{id}}\">\n                          <span class=\"custom-checkbox\"><input type=\"checkbox\" name=\"products[]\" value=\"{{id}}\" id=\"compare-{{id}}\" data-compare-id=\"{{id}}\"></span>\n                          <span class=\"compare-text\">{{lang 'products.compare'}}</span>\n                        </label>\n                    {{/if}}\n            </div>\n            {{/or}}\n        </div>\n\n        {{/or}}\n        {{/or}}\n\n\n          {{else if theme_settings.price_as_low_as '===' false}}\n          {{#or customer (if theme_settings.restrict_to_login '===' false)}}\n          <div class=\"card-body purchase-ability{{#or customer (if theme_settings.restrict_to_login '===' true)}} restricted{{/or}}\" data-test-info-type=\"price\">\n\n            <div class=\"card-sku-brand-section {{#if theme_settings.card-brand-sku-separate-lines '===' true}} separate-lines {{/if}} {{#or (if theme_settings.card-brand-name '==' true) (if theme_settings.card-sku '==' true)}} card-sku-brand-visible{{/or}} \">\n                <h4 class=\"card-text brand {{#if theme_settings.card-brand-2-lines '===' true}} two-lines {{/if}}\" data-test-info-type=\"brandName\">{{brand.name}}</h4>\n                {{#if theme_settings.card-brand-name '===' true}}\n                 {{#if brand.name}}\n                 {{#if theme_settings.card-sku '===' true}}\n                 {{#if sku}}\n                   <span class=\"brand-sku-divider\">|</span>\n                 {{/if}}\n                 {{/if}}\n                 {{/if}}\n               {{/if}}\n              <h4 class=\"card-text sku {{#if theme_settings.card-sku-2-lines '===' true}} two-lines {{/if}}\">\n                {{#if theme_settings.card-sku '===' true}}\n                {{#if sku}}\n                  <span class=\"sku-label\">{{lang 'sku'}}:</span>\n                  <span class=\"sku-value\" data-product-sku>{{sku}}</span>\n                {{/if}}\n                {{/if}}\n              </h4>\n            </div>\n\n              <h4 class=\"card-title\">\n                  <a href=\"{{url}}\">{{name}}</a>\n              </h4>\n              {{#if show_rating}}\n                  <p class=\"card-text\" data-test-info-type=\"productRating\">\n                      <span class=\"rating--small\">\n                          {{> components/products/ratings rating=rating}}\n                      </span>\n                  </p>\n              {{/if}}\n\n              <div class=\"card-text\" data-test-info-type=\"price\">\n                  <div class=\"price-visibility{{#or customer (if theme_settings.restrict_to_login '===' true)}} visible{{/or}}\">\n                    {{#or customer (if theme_settings.restrict_to_login '!==' true)}}\n                      {{> components/products/price price=price customer=customer}}\n                    {{else}}\n                  </div>\n                  <div class=\"price-visibility{{#or customer (if theme_settings.restrict_to_login '===' true)}} restricted{{/or}}\">\n                      {{> components/common/login-for-pricing}}\n                  {{/or}}\n                  </div>\n              </div>\n              {{> components/products/bulk-discount-rates}}\n              {{#or customer (if theme_settings.restrict_to_login '!==' true)}}\n              <div class=\"card-text add-to-cart-button\">\n                      {{#if show_cart_action}}\n                          {{#if has_options}}\n                              <a href=\"{{url}}\" class=\"button button--small card-figcaption-button\" data-product-id=\"{{id}}\">{{lang 'products.choose_options'}}</a>\n                          {{/if}}\n                          {{#if pre_order}}\n                              <a href=\"{{url}}\" class=\"button button--small card-figcaption-button\">{{lang 'products.pre_order'}}</a>\n                          {{/if}}\n                          {{#if add_to_cart_url }}\n                              <a href=\"{{add_to_cart_url}}\" class=\"button button--small card-figcaption-button\">{{lang 'products.add_to_cart'}}</a>\n                          {{/if}}\n                          {{#if out_of_stock_message }}\n                              <a href=\"{{url}}\" class=\"button button--small card-figcaption-button\" data-product-id=\"{{id}}\">{{out_of_stock_message}}</a>\n                          {{/if}}\n                      {{/if}}\n\n                      {{#if show_compare}}\n                          <label class=\"button button--small card-figcaption-button compare\" for=\"compare-{{id}}\">\n                            <span class=\"custom-checkbox\"><input type=\"checkbox\" name=\"products[]\" value=\"{{id}}\" id=\"compare-{{id}}\" data-compare-id=\"{{id}}\"></span>\n                            <span class=\"compare-text\">{{lang 'products.compare'}}</span>\n                          </label>\n                      {{/if}}\n              </div>\n              {{/or}}\n          </div>\n\n          {{else}}\n          {{#or customer (if theme_settings.restrict_to_login '===' true)}}\n          <div class=\"card-body purchase-ability{{#or customer (if theme_settings.restrict_to_login '===' true)}} restricted{{/or}}\" data-test-info-type=\"price\">\n\n            <div class=\"card-sku-brand-section {{#if theme_settings.card-brand-sku-separate-lines '===' true}} separate-lines {{/if}} {{#or (if theme_settings.card-brand-name '==' true) (if theme_settings.card-sku '==' true)}} card-sku-brand-visible{{/or}} \">\n                <h4 class=\"card-text brand {{#if theme_settings.card-brand-2-lines '===' true}} two-lines {{/if}}\" data-test-info-type=\"brandName\">{{brand.name}}</h4>\n                {{#if theme_settings.card-brand-name '===' true}}\n                 {{#if brand.name}}\n                 {{#if theme_settings.card-sku '===' true}}\n                 {{#if sku}}\n                   <span class=\"brand-sku-divider\">|</span>\n                 {{/if}}\n                 {{/if}}\n                 {{/if}}\n               {{/if}}\n              <h4 class=\"card-text sku {{#if theme_settings.card-sku-2-lines '===' true}} two-lines {{/if}}\">\n                {{#if theme_settings.card-sku '===' true}}\n                {{#if sku}}\n                  <span class=\"sku-label\">{{lang 'sku'}}:</span>\n                  <span class=\"sku-value\" data-product-sku>{{sku}}</span>\n                {{/if}}\n                {{/if}}\n              </h4>\n            </div>\n\n              <h4 class=\"card-title\">\n                  <a href=\"{{url}}\">{{name}}</a>\n              </h4>\n              {{#if show_rating}}\n                  <p class=\"card-text\" data-test-info-type=\"productRating\">\n                      <span class=\"rating--small\">\n                          {{> components/products/ratings rating=rating}}\n                      </span>\n                  </p>\n              {{/if}}\n\n              <div class=\"card-text\" data-test-info-type=\"price\">\n                  <div class=\"price-visibility{{#or customer (if theme_settings.restrict_to_login '===' true)}} visible{{/or}}\">\n                    {{#or customer (if theme_settings.restrict_to_login '!==' true)}}\n                      {{> components/products/price price=price customer=customer}}\n                    {{else}}\n                  </div>\n                  <div class=\"price-visibility{{#or customer (if theme_settings.restrict_to_login '===' true)}} restricted{{/or}}\">\n                      {{> components/common/login-for-pricing}}\n                  {{/or}}\n                  </div>\n              </div>\n              {{> components/products/bulk-discount-rates}}\n              {{#or customer (if theme_settings.restrict_to_login '!==' true)}}\n              <div class=\"card-text add-to-cart-button\">\n                      {{#if show_cart_action}}\n                          {{#if has_options}}\n                              <a href=\"{{url}}\" class=\"button button--small card-figcaption-button\" data-product-id=\"{{id}}\">{{lang 'products.choose_options'}}</a>\n                          {{/if}}\n                          {{#if pre_order}}\n                              <a href=\"{{url}}\" class=\"button button--small card-figcaption-button\">{{lang 'products.pre_order'}}</a>\n                          {{/if}}\n                          {{#if add_to_cart_url }}\n                              <a href=\"{{add_to_cart_url}}\" class=\"button button--small card-figcaption-button\">{{lang 'products.add_to_cart'}}</a>\n                          {{/if}}\n                          {{#if out_of_stock_message }}\n                              <a href=\"{{url}}\" class=\"button button--small card-figcaption-button\" data-product-id=\"{{id}}\">{{out_of_stock_message}}</a>\n                          {{/if}}\n                      {{/if}}\n\n                      {{#if show_compare}}\n                          <label class=\"button button--small card-figcaption-button compare\" for=\"compare-{{id}}\">\n                            <span class=\"custom-checkbox\"><input type=\"checkbox\" name=\"products[]\" value=\"{{id}}\" id=\"compare-{{id}}\" data-compare-id=\"{{id}}\"></span>\n                            <span class=\"compare-text\">{{lang 'products.compare'}}</span>\n                          </label>\n                      {{/if}}\n              </div>\n              {{/or}}\n          </div>\n          {{/or}}\n          {{/or}}\n        {{/if}}\n</article>\n\n\n\n\n\n\n{{else}}\n<article class=\"card compare-disabled {{#if alternate}}card--alternate{{/if}} price-visibility{{#or customer (if theme_settings.restrict_to_login '===' true)}} restricted{{/or}} {{#if theme_settings.card-brand-name '===' true}}brand-sku-active{{/if}} {{#if theme_settings.card-brand-name '===' false}}brand-hidden{{/if}} {{#if theme_settings.card-sku '===' true}}brand-sku-active{{/if}} {{#if theme_settings.card-sku '===' false}}sku-hidden{{/if}}  {{#if theme_settings.card-title-lines '===' '2-lines'}}card-title-two-lines{{/if}} {{#if theme_settings.card-title-lines '===' '3-lines'}}card-title-three-lines{{/if}} {{#if theme_settings.cardTitle-fontSize '==' '14'}}card-title-fourteen{{/if}} {{#if theme_settings.cardTitle-fontSize '==' '16'}}card-title-sixteen{{/if}} {{#if theme_settings.cardTitle-fontFamily '==' 'IBM+Plex+Sans_700'}}ibm-fonts{{/if}}\">\n    <figure class=\"card-figure {{#if images.length '>' 1}} multiple-images{{/if}} {{#if theme_settings.product_hover_images '===' 'active'}} second-hover-img-active{{/if}}\">\n    {{#or price.non_sale_price_with_tax price.non_sale_price_without_tax}}\n            {{#if theme_settings.product_sale_badges '===' 'sash'}}\n                <div class=\"sale-flag-sash\">\n                    <span class=\"sale-text\">SALE</span>\n                </div>\n            {{else if theme_settings.product_sale_badges '===' 'topleft'}}\n                <div class=\"sale-flag-side\">\n                    <span class=\"sale-text\">SALE</span>\n                </div>\n            {{else if theme_settings.product_sale_badges '===' 'burst'}}\n                <div class=\"starwrap\">\n                    <div class=\"sale-text-burst\">SALE</div>\n                    <div class=\"sale-flag-star\"></div>\n                </div>\n            {{/if}}\n        {{/or}}\n\n        <a class=\"image-link desktop\" href=\"{{url}}\" {{#if settings.data_tag_enabled}} data-event-type=\"product-click\" {{/if}}>\n            <img class='card-image primary lazyload' data-sizes=\"auto\" src=\"{{cdn 'img/loading.svg'}}\" data-src=\"{{getImage image 'productgallery_size' (cdn theme_settings.default_image_product)}}\" alt=\"{{image.alt}}\" title=\"{{image.alt}}\">\n            {{#if theme_settings.product_hover_images '===' 'active'}}\n              {{#each (limit images 2)}}\n                {{#if @index '>' 0}}\n                  <img class='card-image alt lazyload' src=\"{{cdn 'img/loading.svg'}}\" data-src=\"{{getImage this 'productgallery_size' (cdn theme_settings.default_image_product)}}\" alt=\"{{this.alt}}\" title=\"{{this.alt}}\">\n                {{/if}}\n              {{/each}}\n            {{/if}}\n          </a>\n\n      {{#if theme_settings.show_product_quick_view}}\n        <figcaption class=\"card-figcaption quick-view active\">\n            <div class=\"card-figcaption-body\">\n              {{#unless hide_product_quick_view}}\n                  {{#if theme_settings.show_product_quick_view}}\n                      {{#unless demo}}\n                          <a href=\"#\" class=\"button button--small card-figcaption-button quickview\" data-product-id=\"{{id}}\">{{lang 'products.quick_view'}}</a>\n                      {{/unless}}\n                  {{/if}}\n              {{/unless}}\n            </div>\n        </figcaption>\n      {{/if}}\n    </figure>\n\n    <hr  class=\"card-img-underscore\"></hr>\n\n\n        {{#if theme_settings.price_as_low_as '===' true}}\n        {{#or customer (if theme_settings.restrict_to_login '!==' true)}}\n        <div class=\"card-body with-as-low-as-pricing purchase-ability{{#or customer (if theme_settings.restrict_to_login '===' true)}} restricted{{/or}}\" data-test-info-type=\"price\">\n\n          <div class=\"card-sku-brand-section {{#if theme_settings.card-brand-sku-separate-lines '===' true}} separate-lines {{/if}} {{#or (if theme_settings.card-brand-name '==' true) (if theme_settings.card-sku '==' true)}} card-sku-brand-visible{{/or}} \">\n              <h4 class=\"card-text brand {{#if theme_settings.card-brand-2-lines '===' true}} two-lines {{/if}}\" data-test-info-type=\"brandName\">{{brand.name}}</h4>\n              {{#if theme_settings.card-brand-name '===' true}}\n               {{#if brand.name}}\n               {{#if theme_settings.card-sku '===' true}}\n               {{#if sku}}\n                 <span class=\"brand-sku-divider\">|</span>\n               {{/if}}\n               {{/if}}\n               {{/if}}\n             {{/if}}\n            <h4 class=\"card-text sku {{#if theme_settings.card-sku-2-lines '===' true}} two-lines {{/if}}\">\n              {{#if theme_settings.card-sku '===' true}}\n              {{#if sku}}\n                <span class=\"sku-label\">{{lang 'sku'}}:</span>\n                <span class=\"sku-value\" data-product-sku>{{sku}}</span>\n              {{/if}}\n              {{/if}}\n            </h4>\n          </div>\n\n            <h4 class=\"card-title\">\n                <a href=\"{{url}}\">{{name}}</a>\n            </h4>\n            {{#if show_rating}}\n                <p class=\"card-text\" data-test-info-type=\"productRating\">\n                    <span class=\"rating--small\">\n                        {{> components/products/ratings rating=rating}}\n                    </span>\n                </p>\n            {{/if}}\n\n            <div class=\"card-text\" data-test-info-type=\"price\">\n                <div class=\"price-visibility{{#or customer (if theme_settings.restrict_to_login '===' true)}} visible{{/or}}\">\n                  {{#or customer (if theme_settings.restrict_to_login '!==' true)}}\n                    {{> components/products/price price=price customer=customer}}\n                  {{else}}\n                </div>\n                <div class=\"price-visibility{{#or customer (if theme_settings.restrict_to_login '===' true)}} restricted{{/or}}\">\n                    {{> components/common/login-for-pricing}}\n                {{/or}}\n                </div>\n            </div>\n            {{> components/products/bulk-discount-rates}}\n            {{#or customer (if theme_settings.restrict_to_login '!==' true)}}\n            <div class=\"card-text add-to-cart-button\">\n                    {{#if show_cart_action}}\n                        {{#if has_options}}\n                            <a href=\"{{url}}\" class=\"button button--small card-figcaption-button\" data-product-id=\"{{id}}\">{{lang 'products.choose_options'}}</a>\n                        {{/if}}\n                        {{#if pre_order}}\n                            <a href=\"{{url}}\" class=\"button button--small card-figcaption-button\">{{lang 'products.pre_order'}}</a>\n                        {{/if}}\n                        {{#if add_to_cart_url }}\n                            <a href=\"{{add_to_cart_url}}\" class=\"button button--small card-figcaption-button\">{{lang 'products.add_to_cart'}}</a>\n                        {{/if}}\n                        {{#if out_of_stock_message }}\n                            <a href=\"{{url}}\" class=\"button button--small card-figcaption-button\" data-product-id=\"{{id}}\">{{out_of_stock_message}}</a>\n                        {{/if}}\n                    {{/if}}\n\n                    {{#if show_compare}}\n                        <label class=\"button button--small card-figcaption-button compare\" for=\"compare-{{id}}\">\n                          <span class=\"custom-checkbox\"><input type=\"checkbox\" name=\"products[]\" value=\"{{id}}\" id=\"compare-{{id}}\" data-compare-id=\"{{id}}\"></span>\n                          <span class=\"compare-text\">{{lang 'products.compare'}}</span>\n                        </label>\n                    {{/if}}\n            </div>\n            {{/or}}\n        </div>\n        {{else if theme_settings.price_as_low_as '===' true}}\n        {{#or customer (if theme_settings.restrict_to_login '===' true)}}\n        <div class=\"card-body with-as-low-as-pricing purchase-ability{{#or customer (if theme_settings.restrict_to_login '===' true)}} restricted{{/or}}\" data-test-info-type=\"price\">\n\n          <div class=\"card-sku-brand-section {{#if theme_settings.card-brand-sku-separate-lines '===' true}} separate-lines {{/if}} {{#or (if theme_settings.card-brand-name '==' true) (if theme_settings.card-sku '==' true)}} card-sku-brand-visible{{/or}} \">\n              <h4 class=\"card-text brand {{#if theme_settings.card-brand-2-lines '===' true}} two-lines {{/if}}\" data-test-info-type=\"brandName\">{{brand.name}}</h4>\n              {{#if theme_settings.card-brand-name '===' true}}\n               {{#if brand.name}}\n               {{#if theme_settings.card-sku '===' true}}\n               {{#if sku}}\n                 <span class=\"brand-sku-divider\">|</span>\n               {{/if}}\n               {{/if}}\n               {{/if}}\n             {{/if}}\n            <h4 class=\"card-text sku {{#if theme_settings.card-sku-2-lines '===' true}} two-lines {{/if}}\">\n              {{#if theme_settings.card-sku '===' true}}\n              {{#if sku}}\n                <span class=\"sku-label\">{{lang 'sku'}}:</span>\n                <span class=\"sku-value\" data-product-sku>{{sku}}</span>\n              {{/if}}\n              {{/if}}\n            </h4>\n          </div>\n\n            <h4 class=\"card-title\">\n                <a href=\"{{url}}\">{{name}}</a>\n            </h4>\n            {{#if show_rating}}\n                <p class=\"card-text\" data-test-info-type=\"productRating\">\n                    <span class=\"rating--small\">\n                        {{> components/products/ratings rating=rating}}\n                    </span>\n                </p>\n            {{/if}}\n\n            <div class=\"card-text\" data-test-info-type=\"price\">\n                <div class=\"price-visibility{{#or customer (if theme_settings.restrict_to_login '===' true)}} visible{{/or}}\">\n                  {{#or customer (if theme_settings.restrict_to_login '!==' true)}}\n                    {{> components/products/price price=price customer=customer}}\n                  {{else}}\n                </div>\n                <div class=\"price-visibility{{#or customer (if theme_settings.restrict_to_login '===' true)}} restricted{{/or}}\">\n                    {{> components/common/login-for-pricing}}\n                {{/or}}\n                </div>\n            </div>\n            {{> components/products/bulk-discount-rates}}\n            {{#or customer (if theme_settings.restrict_to_login '!==' true)}}\n            <div class=\"card-text add-to-cart-button\">\n                    {{#if show_cart_action}}\n                        {{#if has_options}}\n                            <a href=\"{{url}}\" class=\"button button--small card-figcaption-button\" data-product-id=\"{{id}}\">{{lang 'products.choose_options'}}</a>\n                        {{/if}}\n                        {{#if pre_order}}\n                            <a href=\"{{url}}\" class=\"button button--small card-figcaption-button\">{{lang 'products.pre_order'}}</a>\n                        {{/if}}\n                        {{#if add_to_cart_url }}\n                            <a href=\"{{add_to_cart_url}}\" class=\"button button--small card-figcaption-button\">{{lang 'products.add_to_cart'}}</a>\n                        {{/if}}\n                        {{#if out_of_stock_message }}\n                            <a href=\"{{url}}\" class=\"button button--small card-figcaption-button\" data-product-id=\"{{id}}\">{{out_of_stock_message}}</a>\n                        {{/if}}\n                    {{/if}}\n\n                    {{#if show_compare}}\n                        <label class=\"button button--small card-figcaption-button compare\" for=\"compare-{{id}}\">\n                            <<span class=\"custom-checkbox\"><input type=\"checkbox\" name=\"products[]\" value=\"{{id}}\" id=\"compare-{{id}}\" data-compare-id=\"{{id}}\"></span>\n                            <span class=\"compare-text\">{{lang 'products.compare'}}</span>\n                        </label>\n                    {{/if}}\n            </div>\n            {{/or}}\n        </div>\n\n        {{/or}}\n        {{/or}}\n\n\n          {{else if theme_settings.price_as_low_as '===' false}}\n          {{#or customer (if theme_settings.restrict_to_login '===' false)}}\n          <div class=\"card-body purchase-ability{{#or customer (if theme_settings.restrict_to_login '===' true)}} restricted{{/or}}\" data-test-info-type=\"price\">\n\n            <div class=\"card-sku-brand-section {{#if theme_settings.card-brand-sku-separate-lines '===' true}} separate-lines {{/if}} {{#or (if theme_settings.card-brand-name '==' true) (if theme_settings.card-sku '==' true)}} card-sku-brand-visible{{/or}} \">\n                <h4 class=\"card-text brand {{#if theme_settings.card-brand-2-lines '===' true}} two-lines {{/if}}\" data-test-info-type=\"brandName\">{{brand.name}}</h4>\n                {{#if theme_settings.card-brand-name '===' true}}\n                 {{#if brand.name}}\n                 {{#if theme_settings.card-sku '===' true}}\n                 {{#if sku}}\n                   <span class=\"brand-sku-divider\">|</span>\n                 {{/if}}\n                 {{/if}}\n                 {{/if}}\n               {{/if}}\n              <h4 class=\"card-text sku {{#if theme_settings.card-sku-2-lines '===' true}} two-lines {{/if}}\">\n                {{#if theme_settings.card-sku '===' true}}\n                {{#if sku}}\n                  <span class=\"sku-label\">{{lang 'sku'}}:</span>\n                  <span class=\"sku-value\" data-product-sku>{{sku}}</span>\n                {{/if}}\n                {{/if}}\n              </h4>\n            </div>\n\n              <h4 class=\"card-title\">\n                  <a href=\"{{url}}\">{{name}}</a>\n              </h4>\n              {{#if show_rating}}\n                  <p class=\"card-text\" data-test-info-type=\"productRating\">\n                      <span class=\"rating--small\">\n                          {{> components/products/ratings rating=rating}}\n                      </span>\n                  </p>\n              {{/if}}\n\n              <div class=\"card-text\" data-test-info-type=\"price\">\n                  <div class=\"price-visibility{{#or customer (if theme_settings.restrict_to_login '===' true)}} visible{{/or}}\">\n                    {{#or customer (if theme_settings.restrict_to_login '!==' true)}}\n                      {{> components/products/price price=price customer=customer}}\n                    {{else}}\n                  </div>\n                  <div class=\"price-visibility{{#or customer (if theme_settings.restrict_to_login '===' true)}} restricted{{/or}}\">\n                      {{> components/common/login-for-pricing}}\n                  {{/or}}\n                  </div>\n              </div>\n              {{> components/products/bulk-discount-rates}}\n              {{#or customer (if theme_settings.restrict_to_login '!==' true)}}\n              <div class=\"card-text add-to-cart-button\">\n                      {{#if show_cart_action}}\n                          {{#if has_options}}\n                              <a href=\"{{url}}\" class=\"button button--small card-figcaption-button\" data-product-id=\"{{id}}\">{{lang 'products.choose_options'}}</a>\n                          {{/if}}\n                          {{#if pre_order}}\n                              <a href=\"{{url}}\" class=\"button button--small card-figcaption-button\">{{lang 'products.pre_order'}}</a>\n                          {{/if}}\n                          {{#if add_to_cart_url }}\n                              <a href=\"{{add_to_cart_url}}\" class=\"button button--small card-figcaption-button\">{{lang 'products.add_to_cart'}}</a>\n                          {{/if}}\n                          {{#if out_of_stock_message }}\n                              <a href=\"{{url}}\" class=\"button button--small card-figcaption-button\" data-product-id=\"{{id}}\">{{out_of_stock_message}}</a>\n                          {{/if}}\n                      {{/if}}\n\n                      {{#if show_compare}}\n                          <label class=\"button button--small card-figcaption-button compare\" for=\"compare-{{id}}\">\n                            <span class=\"custom-checkbox\"><input type=\"checkbox\" name=\"products[]\" value=\"{{id}}\" id=\"compare-{{id}}\" data-compare-id=\"{{id}}\"></span>\n                            <span class=\"compare-text\">{{lang 'products.compare'}}</span>\n                          </label>\n                      {{/if}}\n              </div>\n              {{/or}}\n          </div>\n\n          {{else}}\n          {{#or customer (if theme_settings.restrict_to_login '===' true)}}\n          <div class=\"card-body purchase-ability{{#or customer (if theme_settings.restrict_to_login '===' true)}} restricted{{/or}}\" data-test-info-type=\"price\">\n\n            <div class=\"card-sku-brand-section {{#if theme_settings.card-brand-sku-separate-lines '===' true}} separate-lines {{/if}} {{#or (if theme_settings.card-brand-name '==' true) (if theme_settings.card-sku '==' true)}} card-sku-brand-visible{{/or}} \">\n                <h4 class=\"card-text brand {{#if theme_settings.card-brand-2-lines '===' true}} two-lines {{/if}}\" data-test-info-type=\"brandName\">{{brand.name}}</h4>\n                {{#if theme_settings.card-brand-name '===' true}}\n                 {{#if brand.name}}\n                 {{#if theme_settings.card-sku '===' true}}\n                 {{#if sku}}\n                   <span class=\"brand-sku-divider\">|</span>\n                 {{/if}}\n                 {{/if}}\n                 {{/if}}\n               {{/if}}\n              <h4 class=\"card-text sku {{#if theme_settings.card-sku-2-lines '===' true}} two-lines {{/if}}\">\n                {{#if theme_settings.card-sku '===' true}}\n                {{#if sku}}\n                  <span class=\"sku-label\">{{lang 'sku'}}:</span>\n                  <span class=\"sku-value\" data-product-sku>{{sku}}</span>\n                {{/if}}\n                {{/if}}\n              </h4>\n            </div>\n\n              <h4 class=\"card-title\">\n                  <a href=\"{{url}}\">{{name}}</a>\n              </h4>\n              {{#if show_rating}}\n                  <p class=\"card-text\" data-test-info-type=\"productRating\">\n                      <span class=\"rating--small\">\n                          {{> components/products/ratings rating=rating}}\n                      </span>\n                  </p>\n              {{/if}}\n\n              <div class=\"card-text\" data-test-info-type=\"price\">\n                  <div class=\"price-visibility{{#or customer (if theme_settings.restrict_to_login '===' true)}} visible{{/or}}\">\n                    {{#or customer (if theme_settings.restrict_to_login '!==' true)}}\n                      {{> components/products/price price=price customer=customer}}\n                    {{else}}\n                  </div>\n                  <div class=\"price-visibility{{#or customer (if theme_settings.restrict_to_login '===' true)}} restricted{{/or}}\">\n                      {{> components/common/login-for-pricing}}\n                  {{/or}}\n                  </div>\n              </div>\n              {{> components/products/bulk-discount-rates}}\n              {{#or customer (if theme_settings.restrict_to_login '!==' true)}}\n              <div class=\"card-text add-to-cart-button\">\n                      {{#if show_cart_action}}\n                          {{#if has_options}}\n                              <a href=\"{{url}}\" class=\"button button--small card-figcaption-button\" data-product-id=\"{{id}}\">{{lang 'products.choose_options'}}</a>\n                          {{/if}}\n                          {{#if pre_order}}\n                              <a href=\"{{url}}\" class=\"button button--small card-figcaption-button\">{{lang 'products.pre_order'}}</a>\n                          {{/if}}\n                          {{#if add_to_cart_url }}\n                              <a href=\"{{add_to_cart_url}}\" class=\"button button--small card-figcaption-button\">{{lang 'products.add_to_cart'}}</a>\n                          {{/if}}\n                          {{#if out_of_stock_message }}\n                              <a href=\"{{url}}\" class=\"button button--small card-figcaption-button\" data-product-id=\"{{id}}\">{{out_of_stock_message}}</a>\n                          {{/if}}\n                      {{/if}}\n\n                      {{#if show_compare}}\n                          <label class=\"button button--small card-figcaption-button compare\" for=\"compare-{{id}}\">\n                            <span class=\"custom-checkbox\"><input type=\"checkbox\" name=\"products[]\" value=\"{{id}}\" id=\"compare-{{id}}\" data-compare-id=\"{{id}}\"></span>\n                            <span class=\"compare-text\">{{lang 'products.compare'}}</span>\n                          </label>\n                      {{/if}}\n              </div>\n              {{/or}}\n          </div>\n          {{/or}}\n          {{/or}}\n        {{/if}}\n</article>\n{{/if}}\n",
  "components/products/price": "{{!-- LimMedia.io --}}\n{{!-- There are 2 code paths for generating the PDP pricing HTML determined by the following #and condition.\nIf a 'price_range' exists then we generate all HTML in price-range.html, otherwise it is defined here. Both code\npaths generate the same HTML structure with some differences in whether that element is displayed by default (css styling).\n\nIf you are making a change here or in price-range.html, you probably want to make that change in both files. --}}\n\n{{#and price.price_range (if theme_settings.price_ranges '==' true)}}\n    {{> components/products/price-range price=price}}\n{{else}}\n    {{#if price.with_tax}}\n      <div class=\"msrp-sale-regular-price-section withTax\">\n        <div class=\"price-section price-section--withTax rrp-price--withTax\" {{#unless price.rrp_with_tax}}style=\"display: none;\"{{/unless}}>\n            <span class=\"price-label\">{{theme_settings.pdp-retail-price-label}}</span>\n            <span data-product-rrp-with-tax class=\"price price--rrp\">\n                {{price.rrp_with_tax.formatted}}\n            </span>\n        </div>\n        <div class=\"price-section price-section--withTax non-sale-price non-sale-price--withTax\" {{#unless price.non_sale_price_with_tax}}style=\"display: none;\"{{/unless}}>\n            <span class=\"price-label\">{{theme_settings.pdp-non-sale-price-label}}</span>\n            <span data-product-non-sale-price-with-tax class=\"price price--non-sale\">\n                {{price.non_sale_price_with_tax.formatted}}\n            </span>\n        </div>\n      </div>\n        <div class=\"price-section price-section--withTax current-price{{#if price.non_sale_price_with_tax}} sale-price {{else}} regular-price{{/if}}\" >\n            <span class=\"price-label\" {{#if price.non_sale_price_with_tax}}style=\"display: none;\"{{/if}}>\n                {{theme_settings.pdp-price-label}}\n            </span>\n\n              <span class=\"price-label price-now-label\" {{#unless price.non_sale_price_with_tax}}style=\"display: none;\"{{/unless}}>\n                {{theme_settings.pdp-sale-price-label}}\n              </span>\n\n            <span data-product-price-with-tax class=\"price price--withTax\">{{price.with_tax.formatted}}</span>\n            {{#if price.without_tax}}\n                <abbr title=\"{{lang 'products.including_tax'}}\">{{lang 'products.price_with_tax' tax_label=price.tax_label}}</abbr>\n            {{/if}}\n        </div>\n    {{/if}}\n    {{#if price.without_tax}}\n      <div class=\"msrp-sale-regular-price-section withoutTax\">\n        <div class=\"price-section price-section--withoutTax rrp-price--withoutTax{{#if price.with_tax}} price-section--minor{{/if}}\" {{#unless price.rrp_without_tax}}style=\"display: none;\"{{/unless}}>\n            <span class=\"price-label\">{{theme_settings.pdp-retail-price-label}}</span>\n            <span data-product-rrp-price-without-tax class=\"price price--rrp\">\n                {{price.rrp_without_tax.formatted}}\n            </span>\n        </div>\n        {{#if price.non_sale_price_without_tax.formatted}}\n        <div class=\"price-section price-section--withoutTax non-sale-price non-sale-price--withoutTax{{#if price.with_tax}} price-section--minor{{/if}}\" {{#unless price.non_sale_price_without_tax}}style=\"display: none;\"{{/unless}}>\n            <span class=\"price-label\">{{theme_settings.pdp-non-sale-price-label}}</span>\n            <span data-product-non-sale-price-without-tax class=\"price price--non-sale\">\n                {{price.non_sale_price_without_tax.formatted}}\n            </span>\n        </div>\n        </div>\n        {{/if}}\n\n        <div class=\"price-section price-section--withoutTax current-price{{#if price.non_sale_price_without_tax}} sale-price {{else}} regular-price{{/if}}\" >\n            <span class=\"price-label\" {{#if price.non_sale_price_without_tax}}style=\"display: none;\"{{/if}}>\n                {{theme_settings.pdp-price-label}}\n            </span>\n\n              <span class=\"price-label price-now-label\" {{#unless price.non_sale_price_without_tax}}style=\"display: none;\"{{/unless}}>\n                {{theme_settings.pdp-sale-price-label}}\n              </span>\n\n            <span data-product-price-without-tax class=\"price price--withoutTax{{#if price.with_tax}} price-section--minor{{/if}}\">{{price.without_tax.formatted}}</span>\n            \n            {{#if price.with_tax}}\n                <abbr title=\"{{lang 'products.excluding_tax'}}\">{{lang 'products.price_without_tax' tax_label=price.tax_label}}</abbr>\n            {{/if}}\n\n    {{/if}}\n    \n    {{#if page_type '===' 'product'}}\n         <div class=\"price-section price-section--saving price\" {{#unless price.saved}}style=\"display: none;\"{{/unless}}>\n                <span class=\"price\">{{lang 'products.you_save_opening_text'}}</span>\n                <span data-product-price-saved class=\"price price--saving\">\n                    {{price.saved.formatted}}\n                </span>\n                <span class=\"price\">{{lang 'products.you_save_closing_bracket'}}</span>\n         </div>\n\n    {{/if}}\n{{/and}}\n",
  "components/common/login-for-pricing": "<p translate>Log in for pricing</p>\n",
  "components/products/ratings": "{{#for 1 5}}\n    {{#if ../this.rating '>=' $index}}\n        <span class=\"icon icon--ratingFull\">\n            <svg>\n                <use xlink:href=\"#icon-star\" />\n            </svg>\n        </span>\n    {{else}}\n        <span class=\"icon icon--ratingEmpty\">\n            <svg>\n                <use xlink:href=\"#icon-star\" />\n            </svg>\n        </span>\n    {{/if}}\n{{/for}}\n{{{snippet 'product_rating'}}}\n",
  "components/products/bulk-discount-rates": "{{!-- LimMedia.io --}}\n{{#if bulk_discount_rates.length '>' 0}}\n<h2 class=\"productView-title-bulkPricing\">{{lang 'products.bulk_pricing.title'}}</h2>\n<table class=\"productView-table-bulkPricing\">\n    <tbody>\n        <tr>\n            <th>{{lang 'products.bulk_pricing.quantity_text'}}</th>\n            {{#each bulk_discount_rates}}\n            <td>\n                {{lang 'products.bulk_pricing.range_short' min=min max=max}}\n            </td>\n            {{/each}}\n        </tr>\n        <tr>\n            <th>{{lang 'products.bulk_pricing.price_text'}}</th>\n            {{#each bulk_discount_rates}}\n            <td>\n                {{#if type '===' 'fixed'}}\n                    {{discount.formatted}}\n                {{/if}}\n                \n                {{#if type '===' 'percent'}}\n                    {{#if ../../../price.with_tax}}\n                        {{money (subtract ../../../price.with_tax.value (divide (multiply discount.value ../../../price.with_tax.value) 100))}}\n                    {{else}}\n                        {{money (subtract ../../../price.without_tax.value (divide (multiply discount.value ../../../price.without_tax.value) 100))}}\n                    {{/if}}\n                {{/if}}\n                \n                {{#if type '===' 'price'}}\n                    {{#if ../../../price.with_tax}}\n                        {{money (subtract ../../../price.with_tax.value discount.value)}}\n                    {{else}}\n                        {{money (subtract ../../../price.without_tax.value discount.value)}}\n                    {{/if}}\n                {{/if}}\n            </td>\n            {{/each}}\n        </tr>\n    </tbody>\n</table>\n{{/if}}",
  "components/products/price-range": "{{!-- LimMedia.io --}}\n{{#and price.retail_price_range.min.with_tax price.retail_price_range.max.with_tax}}\n    <div class=\"price-section price-section--withTax rrp-price--withTax\">\n        {{theme_settings.pdp-retail-price-label}}\n        <span data-product-rrp-price-with-tax class=\"price price--rrp\">{{price.retail_price_range.min.with_tax.formatted}} - {{price.retail_price_range.max.with_tax.formatted}}</span>\n    </div>\n{{else}}\n    {{#if price.with_tax}}\n      <div class=\"msrp-sale-regular-price-section withTax\">\n        <div class=\"price-section price-section--withTax rrp-price--withTax\" style=\"display: none;\">\n            {{theme_settings.pdp-retail-price-label}}\n            <span data-product-rrp-with-tax class=\"price price--rrp\">\n                {{price.rrp_with_tax.formatted}}\n            </span>\n        </div>\n      </div>\n    {{/if}}\n{{/and}}\n{{#and price.price_range.min.with_tax price.price_range.max.with_tax}}\n    {{!-- Never display the \"non-sales price\" if there is a price range to be shown, but we do want the element on the page --}}\n    <div class=\"price-section price-section--withTax non-sale-price non-sale-price--withTax\" style=\"display: none;\">\n        {{theme_settings.pdp-non-sale-price-label}}\n        <span data-product-non-sale-price-with-tax class=\"price price--non-sale\">\n            {{price.non_sale_price_with_tax.formatted}}\n        </span>\n    </div>\n    <div class=\"price-section price-section--withTax current-price price-range{{#if price.non_sale_price_with_tax}} sale-price {{else}} regular-price{{/if}}\" >\n        <span class=\"price-label\">{{theme_settings.pdp-price-label}}</span>\n        <span class=\"price-now-label\" style=\"display: none;\">{{theme_settings.pdp-sale-price-label}}</span>\n        <span data-product-price-with-tax class=\"price price--withTax\">{{price.price_range.min.with_tax.formatted}} - {{price.price_range.max.with_tax.formatted}}</span>\n        {{#and price.price_range.min.without_tax price.price_range.max.without_tax}}\n            <abbr title=\"{{lang 'products.including_tax'}}\">{{lang 'products.price_with_tax' tax_label=price.price_range.min.tax_label}}</abbr>\n        {{/and}}\n        \n    </div>\n{{/and}}\n{{#and price.retail_price_range.min.without_tax price.retail_price_range.max.without_tax}}\n    <div class=\"price-section price-section--withoutTax rrp-price--withoutTax{{#if price.with_tax}} price-section--minor{{/if}}\">\n        {{theme_settings.pdp-retail-price-label}}\n        <span data-product-rrp-price-without-tax class=\"price price--rrp\">{{price.retail_price_range.min.without_tax.formatted}} - {{price.retail_price_range.max.without_tax.formatted}}</span>\n    </div>\n{{else}}\n    {{#if price.without_tax}}\n      <div class=\"msrp-sale-regular-price-section withoutTax\">\n        <div class=\"price-section price-section--withoutTax rrp-price--withoutTax{{#if price.with_tax}} price-section--minor{{/if}}\" style=\"display: none;\">\n            {{theme_settings.pdp-retail-price-label}}\n            <span data-product-rrp-price-without-tax class=\"price price--rrp\">\n                {{price.rrp_without_tax.formatted}}\n            </span>\n        </div>\n      </div>\n    {{/if}}\n{{/and}}\n{{#and price.price_range.min.without_tax price.price_range.max.without_tax}}\n    {{!-- Never display the \"non-sales price\" if there is a price range to be shown, but we do want the element on the page --}}\n    <div class=\"price-section price-section--withoutTax non-sale-price non-sale-price--withoutTax{{#if price.with_tax}} price-section--minor{{/if}}\" style=\"display: none;\">\n        {{theme_settings.pdp-non-sale-price-label}}\n        <span data-product-non-sale-price-without-tax class=\"price price--non-sale\">\n            {{price.non_sale_price_without_tax.formatted}}\n        </span>\n    </div>\n    <div class=\"price-section price-section--withoutTax current-price price-range{{#if price.non_sale_price_with_tax}} sale-price {{else}} regular-price{{/if}}{{#and price_range.min.with_tax price_range.max.with_tax}} price-section--minor{{/and}}\" >\n        <span class=\"price-label\">{{theme_settings.pdp-price-label}}</span>\n        <span class=\"price-now-label\" style=\"display: none;\">{{theme_settings.pdp-sale-price-label}}</span>\n        <span data-product-price-without-tax class=\"price price--withoutTax\">{{price.price_range.min.without_tax.formatted}} - {{price.price_range.max.without_tax.formatted}}</span>\n        {{#and price.price_range.min.with_tax price.price_range.max.with_tax}}\n            <abbr title=\"{{lang 'products.excluding_tax'}}\">{{lang 'products.price_without_tax' tax_label=price.price_range.min.tax_label}}</abbr>\n        {{/and}}\n        \n    </div>\n{{/and}}\n\n{{!-- Never display the \"saving price\" element by default if there is a price range on the page to be shown --}}\n{{#if page_type '===' 'product'}}\n     <div class=\"price-section price-section--saving price\" style=\"display: none;\">\n            <span class=\"price\">{{lang 'products.you_save_opening_text'}}</span>\n                 <span data-product-price-saved class=\"price price--saving\">{{price.saved.formatted}}</span>\n                 <span class=\"price\">{{lang 'products.you_save_closing_bracket'}}</span>\n     </div>\n{{/if}}\n"
}