{
  "components/search/product-listing": "{{#if product_results.products.length}}\n    {{> components/products/filter sort=pagination.product_results.sort}}\n{{/if}}\n\n{{#if theme_settings.product_layout_view '===' 'grid'}}\n  <form class=\"grid-only\" action=\"{{urls.compare}}\" method='POST' data-product-compare>\n    {{> components/products/grid products=product_results.products show_compare=product_results.show_compare theme_settings=theme_settings}}\n  </form>\n{{/if}}\n\n{{#if theme_settings.product_layout_view '===' 'list'}}\n  <form class=\"list-only\" action=\"{{urls.compare}}\" method='POST' data-product-compare>\n    {{> components/products/list products=product_results.products show_compare=product_results.show_compare theme_settings=theme_settings}}\n  </form>\n{{/if}}\n\n{{#if theme_settings.product_layout_view '===' 'both_grid_default'}}\n  <form class=\"both-grid-default\" action=\"{{urls.compare}}\" method='POST' data-product-compare>\n    {{> components/products/grid-default products=product_results.products show_compare=product_results.show_compare theme_settings=theme_settings}}\n    {{> components/products/list products=product_results.products show_compare=product_results.show_compare theme_settings=theme_settings}}\n  </form>\n{{/if}}\n\n{{#if theme_settings.product_layout_view '===' 'both_list_default'}}\n  <form class=\"both-list-default\" action=\"{{urls.compare}}\" method='POST' data-product-compare>\n    {{> components/products/list-default products=product_results.products show_compare=product_results.show_compare theme_settings=theme_settings}}\n    {{> components/products/grid products=product_results.products show_compare=product_results.show_compare theme_settings=theme_settings}}\n  </form>\n{{/if}}\n\n{{> components/common/paginator pagination.product_results}}\n",
  "components/products/filter": "<form class=\"actionBar\" method=\"get\" data-sort-by>\n    {{> components/category/sort-box sort=sort}}\n</form>\n",
  "components/products/grid": "{{!-- LimMedia.io --}}\n<ul class=\"productGrid grid-only productGrid--maxCol{{ columns }}\">\n    {{#each products}}\n    <li class=\"product\">\n        {{>components/products/card show_compare=../show_compare show_rating=../settings.show_product_rating theme_settings=../theme_settings customer=../customer}}\n    </li>\n    {{/each}}\n    <div class=\"clear\"></div>\n</ul>\n",
  "components/products/list": "{{!-- LimMedia.io --}}\n<ul class=\"productList list-only\">\n    {{#each products}}\n    <li class=\"product\">\n        {{>components/products/list-item show_compare=../show_compare show_rating=../settings.show_product_rating theme_settings=../theme_settings customer=../customer}}\n    </li>\n    {{/each}}\n</ul>\n",
  "components/products/grid-default": "{{!-- LimMedia.io --}}\n<div class=\"column-count{{#if theme_settings.category_brand_search_productGrid_column_count '===' 5}} five-column{{/if}} {{#if theme_settings.category_brand_search_productGrid_column_count '===' 4}} four-column{{/if}} {{#if theme_settings.category_brand_search_productGrid_column_count '===' 3}} three-column{{/if}}\"</div>\n<ul class=\"productGrid--maxCol{{ columns }} grid-default\">\n<ul class=\"productGrid visible\">\n    {{#each products}}\n    <li class=\"product\">\n        {{>components/products/card show_compare=../show_compare show_rating=../settings.show_product_rating theme_settings=../theme_settings customer=../customer}}\n    </li>\n    {{/each}}\n</ul>\n</ul>\n",
  "components/products/list-default": "{{!-- LimMedia.io --}}\n<ul class=\"productList visible list-default\">\n    {{#each products}}\n      <li class=\"product\">\n        {{>components/products/list-item show_compare=../show_compare show_rating=../settings.show_product_rating theme_settings=../theme_settings customer=../customer}}\n      </li>\n    {{/each}}\n</ul>\n",
  "components/common/paginator": "<div class=\"pagination top\">\n    <ul class=\"pagination-list\">\n      {{#if previous}}\n          <li class=\"pagination-item pagination-item--previous\">\n              <a class=\"pagination-link\"\n                 href=\"{{previous}}\"\n                 {{#unless reload}}data-faceted-search-facet{{/unless}}\n                 aria-label=\"{{lang 'common.previous'}}\"\n              >\n                  <i class=\"icon\" aria-hidden=\"true\">\n                      <svg>\n                          <use xmlns:xlink=\"http://www.w3.org/1999/xlink\" xlink:href=\"#icon-chevron-left\"></use>\n                      </svg>\n                  </i>\n                  {{lang 'common.previous'}}\n              </a>\n          </li>\n      {{/if}}\n\n      {{#each links}}\n          <li class=\"pagination-item {{#if this.number '==' ../current}}pagination-item--current{{/if}}\">\n              <a class=\"pagination-link\"\n                 href=\"{{this.url}}\"\n                 {{#unless reload}}data-faceted-search-facet{{/unless}}\n                 {{#if this.number '==' ../current}}\n                 aria-current=\"page\"\n                 data-pagination-current-page-link\n                 {{/if}}\n                 aria-label=\"{{lang 'common.paginator.page_of' current=this.number total=../links.length}}\"\n              >\n                  {{this.number}}\n              </a>\n          </li>\n      {{/each}}\n\n      {{#if next}}\n          <li class=\"pagination-item pagination-item--next\">\n              <a class=\"pagination-link\"\n                 href=\"{{next}}\"\n                 {{#unless reload}}data-faceted-search-facet{{/unless}}\n                 aria-label=\"{{lang 'common.next'}}\"\n              >\n                  {{lang 'common.next'}}\n                  <i class=\"icon\" aria-hidden=\"true\">\n                      <svg>\n                          <use xmlns:xlink=\"http://www.w3.org/1999/xlink\" xlink:href=\"#icon-chevron-right\"></use>\n                      </svg>\n                  </i>\n              </a>\n          </li>\n      {{/if}}\n    </ul>\n</div>\n\n<div class=\"pagination bottom\">\n    <ul class=\"pagination-list\">\n      {{#if previous}}\n          <li class=\"pagination-item pagination-item--previous\">\n              <a class=\"pagination-link\"\n                 href=\"{{previous}}\"\n                 {{#unless reload}}data-faceted-search-facet{{/unless}}\n                 aria-label=\"{{lang 'common.previous'}}\"\n              >\n                  <i class=\"icon\" aria-hidden=\"true\">\n                      <svg>\n                          <use xmlns:xlink=\"http://www.w3.org/1999/xlink\" xlink:href=\"#icon-chevron-left\"></use>\n                      </svg>\n                  </i>\n                  {{lang 'common.previous'}}\n              </a>\n          </li>\n      {{/if}}\n        {{#each links}}\n            <li class=\"pagination-item {{#if this.number '==' ../current}}pagination-item--current{{/if}}\">\n                <a class=\"pagination-link\"\n                   href=\"{{this.url}}\"\n                   {{#unless reload}}data-faceted-search-facet{{/unless}}\n                   {{#if this.number '==' ../current}}\n                   aria-current=\"page\"\n                   data-pagination-current-page-link\n                   {{/if}}\n                   aria-label=\"{{lang 'common.paginator.page_of' current=this.number total=../links.length}}\"\n                >\n                    {{this.number}}\n                </a>\n            </li>\n        {{/each}}\n\n        {{#if next}}\n            <li class=\"pagination-item pagination-item--next\">\n                <a class=\"pagination-link\"\n                   href=\"{{next}}\"\n                   {{#unless reload}}data-faceted-search-facet{{/unless}}\n                   aria-label=\"{{lang 'common.next'}}\"\n                >\n                    {{lang 'common.next'}}\n                    <i class=\"icon\" aria-hidden=\"true\">\n                        <svg>\n                            <use xmlns:xlink=\"http://www.w3.org/1999/xlink\" xlink:href=\"#icon-chevron-right\"></use>\n                        </svg>\n                    </i>\n                </a>\n            </li>\n        {{/if}}\n    </ul>\n</div>\n",
  "components/category/sort-box": "<fieldset class=\"form-fieldset actionBar-section\">\n    <div class=\"form-field\">\n        <label class=\"form-label\" for=\"sort\">{{lang 'common.sorter.sort_by'}}</label>\n        <select class=\"form-select form-select--small\" name=\"sort\" id=\"sort\">\n            <option value=\"featured\" {{#if sort '==' 'featured'}}selected{{/if}}>{{lang 'common.sorter.featured'}}</option>\n            <option value=\"newest\" {{#if sort '==' 'newest'}}selected{{/if}}>{{lang 'common.sorter.newest'}}</option>\n            <option value=\"bestselling\" {{#if sort '==' 'bestselling'}}selected{{/if}}>{{lang 'common.sorter.top_sellers'}}</option>\n            <option value=\"alphaasc\" {{#if sort '==' 'alphaasc'}}selected{{/if}}>{{lang 'common.sorter.alpha_asc'}}</option>\n            <option value=\"alphadesc\" {{#if sort '==' 'alphadesc'}}selected{{/if}}>{{lang 'common.sorter.alpha_desc'}}</option>\n            <option value=\"avgcustomerreview\" {{#if sort '==' 'avgcustomerreview'}}selected{{/if}}>{{lang 'common.sorter.reviews'}}</option>\n            <option value=\"priceasc\" {{#if sort '==' 'priceasc'}}selected{{/if}}>{{lang 'common.sorter.price_asc'}}</option>\n            <option value=\"pricedesc\" {{#if sort '==' 'pricedesc'}}selected{{/if}}>{{lang 'common.sorter.price_desc'}}</option>\n            {{#if result_count}}\n                <option value=\"relevance\" {{#if sort '==' 'relevance'}}selected{{/if}}>{{lang 'common.sorter.relevance'}}</option>\n            {{/if}}\n        </select>\n    </div>\n</fieldset>\n",
  "components/products/card": "{{!-- LimMedia.io --}}\n{{#if show_compare}}\n<article class=\"card compare-enabled {{#if alternate}}card--alternate{{/if}} price-visibility{{#or customer (if theme_settings.restrict_to_login '===' true)}} restricted{{/or}} {{#if theme_settings.card-brand-name '===' true}}brand-sku-active{{/if}} {{#if theme_settings.card-brand-name '===' false}}brand-hidden{{/if}} {{#if theme_settings.card-sku '===' true}}brand-sku-active{{/if}} {{#if theme_settings.card-sku '===' false}}sku-hidden{{/if}} {{#if theme_settings.card-title-lines '===' '2-lines'}}card-title-two-lines{{/if}} {{#if theme_settings.card-title-lines '===' '3-lines'}}card-title-three-lines{{/if}} {{#if theme_settings.cardTitle-fontSize '==' '14'}}card-title-fourteen{{/if}} {{#if theme_settings.cardTitle-fontSize '==' '16'}}card-title-sixteen{{/if}} {{#if theme_settings.cardTitle-fontFamily '==' 'IBM+Plex+Sans_700'}}ibm-fonts{{/if}}\">\n    <figure class=\"card-figure {{#if images.length '>' 1}} multiple-images{{/if}} {{#if theme_settings.product_hover_images '===' 'active'}} second-hover-img-active{{/if}}\">\n    {{#or price.non_sale_price_with_tax price.non_sale_price_without_tax}}\n            {{#if theme_settings.product_sale_badges '===' 'sash'}}\n                <div class=\"sale-flag-sash\">\n                    <span class=\"sale-text\">SALE</span>\n                </div>\n            {{else if theme_settings.product_sale_badges '===' 'topleft'}}\n                <div class=\"sale-flag-side\">\n                    <span class=\"sale-text\">SALE</span>\n                </div>\n            {{else if theme_settings.product_sale_badges '===' 'burst'}}\n                <div class=\"starwrap\">\n                    <div class=\"sale-text-burst\">SALE</div>\n                    <div class=\"sale-flag-star\"></div>\n                </div>\n            {{/if}}\n        {{/or}}\n\n        <a class=\"image-link desktop\" href=\"{{url}}\" {{#if settings.data_tag_enabled}} data-event-type=\"product-click\" {{/if}}>\n            <img class='card-image primary lazyload' data-sizes=\"auto\" src=\"{{cdn 'img/loading.svg'}}\" data-src=\"{{getImage image 'productgallery_size' (cdn theme_settings.default_image_product)}}\" alt=\"{{image.alt}}\" title=\"{{image.alt}}\">\n            {{#if theme_settings.product_hover_images '===' 'active'}}\n              {{#each (limit images 2)}}\n                {{#if @index '>' 0}}\n                  <img class='card-image alt lazyload' src=\"{{cdn 'img/loading.svg'}}\" data-src=\"{{getImage this 'productgallery_size' (cdn theme_settings.default_image_product)}}\" alt=\"{{this.alt}}\" title=\"{{this.alt}}\">\n                {{/if}}\n              {{/each}}\n            {{/if}}\n          </a>\n\n        {{#if theme_settings.show_product_quick_view}}\n        <figcaption class=\"card-figcaption quick-view active\">\n            <div class=\"card-figcaption-body\">\n              {{#unless hide_product_quick_view}}\n                  {{#if theme_settings.show_product_quick_view}}\n                      {{#unless demo}}\n                          <a href=\"#\" class=\"button button--small card-figcaption-button quickview\" data-product-id=\"{{id}}\">{{lang 'products.quick_view'}}</a>\n                      {{/unless}}\n                  {{/if}}\n              {{/unless}}\n            </div>\n        </figcaption>\n        {{/if}}\n    </figure>\n\n    <hr  class=\"card-img-underscore\"></hr>\n\n\n        {{#if theme_settings.price_as_low_as '===' true}}\n        {{#or customer (if theme_settings.restrict_to_login '!==' true)}}\n        <div class=\"card-body with-as-low-as-pricing purchase-ability{{#or customer (if theme_settings.restrict_to_login '===' true)}} restricted{{/or}}\" data-test-info-type=\"price\">\n\n          <div class=\"card-sku-brand-section {{#if theme_settings.card-brand-sku-separate-lines '===' true}} separate-lines {{/if}} {{#or (if theme_settings.card-brand-name '==' true) (if theme_settings.card-sku '==' true)}} card-sku-brand-visible{{/or}}\">\n              <h4 class=\"card-text brand\" data-test-info-type=\"brandName\">{{brand.name}}</h4>\n              {{#if theme_settings.card-brand-name '===' true}}\n               {{#if brand.name}}\n               {{#if theme_settings.card-sku '===' true}}\n               {{#if sku}}\n                 <span class=\"brand-sku-divider\">|</span>\n               {{/if}}\n               {{/if}}\n               {{/if}}\n             {{/if}}\n            <h4 class=\"card-text sku {{#if theme_settings.card-sku-2-lines '===' true}} two-lines {{/if}}\">\n              {{#if theme_settings.card-sku '===' true}}\n              {{#if sku}}\n                <span class=\"sku-label\">{{lang 'sku'}}:</span>\n                <span class=\"sku-value\" data-product-sku>{{sku}}</span>\n              {{/if}}\n              {{/if}}\n            </h4>\n          </div>\n\n            <h4 class=\"card-title\">\n                <a href=\"{{url}}\">{{name}}</a>\n            </h4>\n\n                <p class=\"card-text\" data-test-info-type=\"productRating\">\n                    <span class=\"rating--small\">\n                        {{> components/products/ratings rating=rating}}\n                    </span>\n                </p>\n\n\n            <div class=\"card-text\" data-test-info-type=\"price\">\n                <div class=\"price-visibility{{#or customer (if theme_settings.restrict_to_login '===' true)}} visible{{/or}}\">\n                  {{#or customer (if theme_settings.restrict_to_login '!==' true)}}\n                    {{> components/products/price price=price customer=customer}}\n                  {{else}}\n                </div>\n                <div class=\"price-visibility{{#or customer (if theme_settings.restrict_to_login '===' true)}} restricted{{/or}}\">\n                    {{> components/common/login-for-pricing}}\n                {{/or}}\n                </div>\n            </div>\n            {{> components/products/bulk-discount-rates}}\n            {{#or customer (if theme_settings.restrict_to_login '!==' true)}}\n            <div class=\"card-text add-to-cart-button\">\n                    {{#if show_cart_action}}\n                        {{#if has_options}}\n                            <a href=\"{{url}}\" class=\"button button--small card-figcaption-button\" data-product-id=\"{{id}}\">{{lang 'products.choose_options'}}</a>\n                        {{/if}}\n                        {{#if pre_order}}\n                            <a href=\"{{url}}\" class=\"button button--small card-figcaption-button\">{{lang 'products.pre_order'}}</a>\n                        {{/if}}\n                        {{#if add_to_cart_url }}\n                        <a href=\"{{add_to_cart_url}}{{#each custom_fields}}{{#if name '===' 'interval quantity'}}&qty={{value}}{{/if}}{{/each}}\" class=\"button button--small card-figcaption-button\">{{lang 'products.add_to_cart'}}</a>\n                        {{/if}}\n                        {{#if out_of_stock_message }}\n                            <a href=\"{{url}}\" class=\"button button--small card-figcaption-button\" data-product-id=\"{{id}}\">{{out_of_stock_message}}</a>\n                        {{/if}}\n                    {{/if}}\n\n                    {{#if show_compare}}\n                        <label class=\"button button--small card-figcaption-button compare\" for=\"compare-{{id}}\">\n                            <span class=\"custom-checkbox\"><input type=\"checkbox\" name=\"products[]\" value=\"{{id}}\" id=\"compare-{{id}}\" data-compare-id=\"{{id}}\"></span>\n                            <span class=\"compare-text\">{{lang 'products.compare'}}</span>\n                        </label>\n                    {{/if}}\n            </div>\n            {{/or}}\n        </div>\n        {{else if theme_settings.price_as_low_as '===' true}}\n        {{#or customer (if theme_settings.restrict_to_login '===' true)}}\n        <div class=\"card-body with-as-low-as-pricing purchase-ability{{#or customer (if theme_settings.restrict_to_login '===' true)}} restricted{{/or}}\" data-test-info-type=\"price\">\n\n          <div class=\"card-sku-brand-section {{#if theme_settings.card-brand-sku-separate-lines '===' true}} separate-lines {{/if}} {{#or (if theme_settings.card-brand-name '==' true) (if theme_settings.card-sku '==' true)}} card-sku-brand-visible{{/or}}\">\n              <h4 class=\"card-text brand {{#if theme_settings.card-brand-2-lines '===' true}} two-lines {{/if}}\" data-test-info-type=\"brandName\">{{brand.name}}</h4>\n              {{#if theme_settings.card-brand-name '===' true}}\n               {{#if brand.name}}\n               {{#if theme_settings.card-sku '===' true}}\n               {{#if sku}}\n                 <span class=\"brand-sku-divider\">|</span>\n               {{/if}}\n               {{/if}}\n               {{/if}}\n             {{/if}}\n            <h4 class=\"card-text sku {{#if theme_settings.card-sku-2-lines '===' true}} two-lines {{/if}}\">\n              {{#if theme_settings.card-sku '===' true}}\n              {{#if sku}}\n                <span class=\"sku-label\">{{lang 'sku'}}:</span>\n                <span class=\"sku-value\" data-product-sku>{{sku}}</span>\n              {{/if}}\n              {{/if}}\n            </h4>\n          </div>\n\n            <h4 class=\"card-title\">\n                <a href=\"{{url}}\">{{name}}</a>\n            </h4>\n            {{#if show_rating}}\n                <p class=\"card-text\" data-test-info-type=\"productRating\">\n                    <span class=\"rating--small\">\n                        {{> components/products/ratings rating=rating}}\n                    </span>\n                </p>\n            {{/if}}\n\n            <div class=\"card-text\" data-test-info-type=\"price\">\n                <div class=\"price-visibility{{#or customer (if theme_settings.restrict_to_login '===' true)}} visible{{/or}}\">\n                  {{#or customer (if theme_settings.restrict_to_login '!==' true)}}\n                    {{> components/products/price price=price customer=customer}}\n                  {{else}}\n                </div>\n                <div class=\"price-visibility{{#or customer (if theme_settings.restrict_to_login '===' true)}} restricted{{/or}}\">\n                    {{> components/common/login-for-pricing}}\n                {{/or}}\n                </div>\n            </div>\n            {{> components/products/bulk-discount-rates}}\n            {{#or customer (if theme_settings.restrict_to_login '!==' true)}}\n            <div class=\"card-text add-to-cart-button\">\n                    {{#if show_cart_action}}\n                        {{#if has_options}}\n                            <a href=\"{{url}}\" class=\"button button--small card-figcaption-button\" data-product-id=\"{{id}}\">{{lang 'products.choose_options'}}</a>\n                        {{/if}}\n                        {{#if pre_order}}\n                            <a href=\"{{url}}\" class=\"button button--small card-figcaption-button\">{{lang 'products.pre_order'}}</a>\n                        {{/if}}\n                        {{#if add_to_cart_url }}\n                            <a href=\"{{add_to_cart_url}}\" class=\"button button--small card-figcaption-button\">{{lang 'products.add_to_cart'}}</a>\n                        {{/if}}\n                        {{#if out_of_stock_message }}\n                            <a href=\"{{url}}\" class=\"button button--small card-figcaption-button\" data-product-id=\"{{id}}\">{{out_of_stock_message}}</a>\n                        {{/if}}\n                    {{/if}}\n\n                    {{#if show_compare}}\n                        <label class=\"button button--small card-figcaption-button compare\" for=\"compare-{{id}}\">\n                          <span class=\"custom-checkbox\"><input type=\"checkbox\" name=\"products[]\" value=\"{{id}}\" id=\"compare-{{id}}\" data-compare-id=\"{{id}}\"></span>\n                          <span class=\"compare-text\">{{lang 'products.compare'}}</span>\n                        </label>\n                    {{/if}}\n            </div>\n            {{/or}}\n        </div>\n\n        {{/or}}\n        {{/or}}\n\n\n          {{else if theme_settings.price_as_low_as '===' false}}\n          {{#or customer (if theme_settings.restrict_to_login '===' false)}}\n          <div class=\"card-body purchase-ability{{#or customer (if theme_settings.restrict_to_login '===' true)}} restricted{{/or}}\" data-test-info-type=\"price\">\n\n            <div class=\"card-sku-brand-section {{#if theme_settings.card-brand-sku-separate-lines '===' true}} separate-lines {{/if}} {{#or (if theme_settings.card-brand-name '==' true) (if theme_settings.card-sku '==' true)}} card-sku-brand-visible{{/or}} \">\n                <h4 class=\"card-text brand {{#if theme_settings.card-brand-2-lines '===' true}} two-lines {{/if}}\" data-test-info-type=\"brandName\">{{brand.name}}</h4>\n                {{#if theme_settings.card-brand-name '===' true}}\n                 {{#if brand.name}}\n                 {{#if theme_settings.card-sku '===' true}}\n                 {{#if sku}}\n                   <span class=\"brand-sku-divider\">|</span>\n                 {{/if}}\n                 {{/if}}\n                 {{/if}}\n               {{/if}}\n              <h4 class=\"card-text sku {{#if theme_settings.card-sku-2-lines '===' true}} two-lines {{/if}}\">\n                {{#if theme_settings.card-sku '===' true}}\n                {{#if sku}}\n                  <span class=\"sku-label\">{{lang 'sku'}}:</span>\n                  <span class=\"sku-value\" data-product-sku>{{sku}}</span>\n                {{/if}}\n                {{/if}}\n              </h4>\n            </div>\n\n              <h4 class=\"card-title\">\n                  <a href=\"{{url}}\">{{name}}</a>\n              </h4>\n              {{#if show_rating}}\n                  <p class=\"card-text\" data-test-info-type=\"productRating\">\n                      <span class=\"rating--small\">\n                          {{> components/products/ratings rating=rating}}\n                      </span>\n                  </p>\n              {{/if}}\n\n              <div class=\"card-text\" data-test-info-type=\"price\">\n                  <div class=\"price-visibility{{#or customer (if theme_settings.restrict_to_login '===' true)}} visible{{/or}}\">\n                    {{#or customer (if theme_settings.restrict_to_login '!==' true)}}\n                      {{> components/products/price price=price customer=customer}}\n                    {{else}}\n                  </div>\n                  <div class=\"price-visibility{{#or customer (if theme_settings.restrict_to_login '===' true)}} restricted{{/or}}\">\n                      {{> components/common/login-for-pricing}}\n                  {{/or}}\n                  </div>\n              </div>\n              {{> components/products/bulk-discount-rates}}\n              {{#or customer (if theme_settings.restrict_to_login '!==' true)}}\n              <div class=\"card-text add-to-cart-button\">\n                      {{#if show_cart_action}}\n                          {{#if has_options}}\n                              <a href=\"{{url}}\" class=\"button button--small card-figcaption-button\" data-product-id=\"{{id}}\">{{lang 'products.choose_options'}}</a>\n                          {{/if}}\n                          {{#if pre_order}}\n                              <a href=\"{{url}}\" class=\"button button--small card-figcaption-button\">{{lang 'products.pre_order'}}</a>\n                          {{/if}}\n                          {{#if add_to_cart_url }}\n                              <a href=\"{{add_to_cart_url}}\" class=\"button button--small card-figcaption-button\">{{lang 'products.add_to_cart'}}</a>\n                          {{/if}}\n                          {{#if out_of_stock_message }}\n                              <a href=\"{{url}}\" class=\"button button--small card-figcaption-button\" data-product-id=\"{{id}}\">{{out_of_stock_message}}</a>\n                          {{/if}}\n                      {{/if}}\n\n                      {{#if show_compare}}\n                          <label class=\"button button--small card-figcaption-button compare\" for=\"compare-{{id}}\">\n                            <span class=\"custom-checkbox\"><input type=\"checkbox\" name=\"products[]\" value=\"{{id}}\" id=\"compare-{{id}}\" data-compare-id=\"{{id}}\"></span>\n                            <span class=\"compare-text\">{{lang 'products.compare'}}</span>\n                          </label>\n                      {{/if}}\n              </div>\n              {{/or}}\n          </div>\n\n          {{else}}\n          {{#or customer (if theme_settings.restrict_to_login '===' true)}}\n          <div class=\"card-body purchase-ability{{#or customer (if theme_settings.restrict_to_login '===' true)}} restricted{{/or}}\" data-test-info-type=\"price\">\n\n            <div class=\"card-sku-brand-section {{#if theme_settings.card-brand-sku-separate-lines '===' true}} separate-lines {{/if}} {{#or (if theme_settings.card-brand-name '==' true) (if theme_settings.card-sku '==' true)}} card-sku-brand-visible{{/or}} \">\n                <h4 class=\"card-text brand {{#if theme_settings.card-brand-2-lines '===' true}} two-lines {{/if}}\" data-test-info-type=\"brandName\">{{brand.name}}</h4>\n                {{#if theme_settings.card-brand-name '===' true}}\n                 {{#if brand.name}}\n                 {{#if theme_settings.card-sku '===' true}}\n                 {{#if sku}}\n                   <span class=\"brand-sku-divider\">|</span>\n                 {{/if}}\n                 {{/if}}\n                 {{/if}}\n               {{/if}}\n              <h4 class=\"card-text sku {{#if theme_settings.card-sku-2-lines '===' true}} two-lines {{/if}}\">\n                {{#if theme_settings.card-sku '===' true}}\n                {{#if sku}}\n                  <span class=\"sku-label\">{{lang 'sku'}}:</span>\n                  <span class=\"sku-value\" data-product-sku>{{sku}}</span>\n                {{/if}}\n                {{/if}}\n              </h4>\n            </div>\n\n              <h4 class=\"card-title\">\n                  <a href=\"{{url}}\">{{name}}</a>\n              </h4>\n              {{#if show_rating}}\n                  <p class=\"card-text\" data-test-info-type=\"productRating\">\n                      <span class=\"rating--small\">\n                          {{> components/products/ratings rating=rating}}\n                      </span>\n                  </p>\n              {{/if}}\n\n              <div class=\"card-text\" data-test-info-type=\"price\">\n                  <div class=\"price-visibility{{#or customer (if theme_settings.restrict_to_login '===' true)}} visible{{/or}}\">\n                    {{#or customer (if theme_settings.restrict_to_login '!==' true)}}\n                      {{> components/products/price price=price customer=customer}}\n                    {{else}}\n                  </div>\n                  <div class=\"price-visibility{{#or customer (if theme_settings.restrict_to_login '===' true)}} restricted{{/or}}\">\n                      {{> components/common/login-for-pricing}}\n                  {{/or}}\n                  </div>\n              </div>\n              {{> components/products/bulk-discount-rates}}\n              {{#or customer (if theme_settings.restrict_to_login '!==' true)}}\n              <div class=\"card-text add-to-cart-button\">\n                      {{#if show_cart_action}}\n                          {{#if has_options}}\n                              <a href=\"{{url}}\" class=\"button button--small card-figcaption-button\" data-product-id=\"{{id}}\">{{lang 'products.choose_options'}}</a>\n                          {{/if}}\n                          {{#if pre_order}}\n                              <a href=\"{{url}}\" class=\"button button--small card-figcaption-button\">{{lang 'products.pre_order'}}</a>\n                          {{/if}}\n                          {{#if add_to_cart_url }}\n                              <a href=\"{{add_to_cart_url}}\" class=\"button button--small card-figcaption-button\">{{lang 'products.add_to_cart'}}</a>\n                          {{/if}}\n                          {{#if out_of_stock_message }}\n                              <a href=\"{{url}}\" class=\"button button--small card-figcaption-button\" data-product-id=\"{{id}}\">{{out_of_stock_message}}</a>\n                          {{/if}}\n                      {{/if}}\n\n                      {{#if show_compare}}\n                          <label class=\"button button--small card-figcaption-button compare\" for=\"compare-{{id}}\">\n                            <span class=\"custom-checkbox\"><input type=\"checkbox\" name=\"products[]\" value=\"{{id}}\" id=\"compare-{{id}}\" data-compare-id=\"{{id}}\"></span>\n                            <span class=\"compare-text\">{{lang 'products.compare'}}</span>\n                          </label>\n                      {{/if}}\n              </div>\n              {{/or}}\n          </div>\n          {{/or}}\n          {{/or}}\n        {{/if}}\n</article>\n\n\n\n\n\n\n{{else}}\n<article class=\"card compare-disabled {{#if alternate}}card--alternate{{/if}} price-visibility{{#or customer (if theme_settings.restrict_to_login '===' true)}} restricted{{/or}} {{#if theme_settings.card-brand-name '===' true}}brand-sku-active{{/if}} {{#if theme_settings.card-brand-name '===' false}}brand-hidden{{/if}} {{#if theme_settings.card-sku '===' true}}brand-sku-active{{/if}} {{#if theme_settings.card-sku '===' false}}sku-hidden{{/if}}  {{#if theme_settings.card-title-lines '===' '2-lines'}}card-title-two-lines{{/if}} {{#if theme_settings.card-title-lines '===' '3-lines'}}card-title-three-lines{{/if}} {{#if theme_settings.cardTitle-fontSize '==' '14'}}card-title-fourteen{{/if}} {{#if theme_settings.cardTitle-fontSize '==' '16'}}card-title-sixteen{{/if}} {{#if theme_settings.cardTitle-fontFamily '==' 'IBM+Plex+Sans_700'}}ibm-fonts{{/if}}\">\n    <figure class=\"card-figure {{#if images.length '>' 1}} multiple-images{{/if}} {{#if theme_settings.product_hover_images '===' 'active'}} second-hover-img-active{{/if}}\">\n    {{#or price.non_sale_price_with_tax price.non_sale_price_without_tax}}\n            {{#if theme_settings.product_sale_badges '===' 'sash'}}\n                <div class=\"sale-flag-sash\">\n                    <span class=\"sale-text\">SALE</span>\n                </div>\n            {{else if theme_settings.product_sale_badges '===' 'topleft'}}\n                <div class=\"sale-flag-side\">\n                    <span class=\"sale-text\">SALE</span>\n                </div>\n            {{else if theme_settings.product_sale_badges '===' 'burst'}}\n                <div class=\"starwrap\">\n                    <div class=\"sale-text-burst\">SALE</div>\n                    <div class=\"sale-flag-star\"></div>\n                </div>\n            {{/if}}\n        {{/or}}\n\n        <a class=\"image-link desktop\" href=\"{{url}}\" {{#if settings.data_tag_enabled}} data-event-type=\"product-click\" {{/if}}>\n            <img class='card-image primary lazyload' data-sizes=\"auto\" src=\"{{cdn 'img/loading.svg'}}\" data-src=\"{{getImage image 'productgallery_size' (cdn theme_settings.default_image_product)}}\" alt=\"{{image.alt}}\" title=\"{{image.alt}}\">\n            {{#if theme_settings.product_hover_images '===' 'active'}}\n              {{#each (limit images 2)}}\n                {{#if @index '>' 0}}\n                  <img class='card-image alt lazyload' src=\"{{cdn 'img/loading.svg'}}\" data-src=\"{{getImage this 'productgallery_size' (cdn theme_settings.default_image_product)}}\" alt=\"{{this.alt}}\" title=\"{{this.alt}}\">\n                {{/if}}\n              {{/each}}\n            {{/if}}\n          </a>\n\n      {{#if theme_settings.show_product_quick_view}}\n        <figcaption class=\"card-figcaption quick-view active\">\n            <div class=\"card-figcaption-body\">\n              {{#unless hide_product_quick_view}}\n                  {{#if theme_settings.show_product_quick_view}}\n                      {{#unless demo}}\n                          <a href=\"#\" class=\"button button--small card-figcaption-button quickview\" data-product-id=\"{{id}}\">{{lang 'products.quick_view'}}</a>\n                      {{/unless}}\n                  {{/if}}\n              {{/unless}}\n            </div>\n        </figcaption>\n      {{/if}}\n    </figure>\n\n    <hr  class=\"card-img-underscore\"></hr>\n\n\n        {{#if theme_settings.price_as_low_as '===' true}}\n        {{#or customer (if theme_settings.restrict_to_login '!==' true)}}\n        <div class=\"card-body with-as-low-as-pricing purchase-ability{{#or customer (if theme_settings.restrict_to_login '===' true)}} restricted{{/or}}\" data-test-info-type=\"price\">\n\n          <div class=\"card-sku-brand-section {{#if theme_settings.card-brand-sku-separate-lines '===' true}} separate-lines {{/if}} {{#or (if theme_settings.card-brand-name '==' true) (if theme_settings.card-sku '==' true)}} card-sku-brand-visible{{/or}} \">\n              <h4 class=\"card-text brand {{#if theme_settings.card-brand-2-lines '===' true}} two-lines {{/if}}\" data-test-info-type=\"brandName\">{{brand.name}}</h4>\n              {{#if theme_settings.card-brand-name '===' true}}\n               {{#if brand.name}}\n               {{#if theme_settings.card-sku '===' true}}\n               {{#if sku}}\n                 <span class=\"brand-sku-divider\">|</span>\n               {{/if}}\n               {{/if}}\n               {{/if}}\n             {{/if}}\n            <h4 class=\"card-text sku {{#if theme_settings.card-sku-2-lines '===' true}} two-lines {{/if}}\">\n              {{#if theme_settings.card-sku '===' true}}\n              {{#if sku}}\n                <span class=\"sku-label\">{{lang 'sku'}}:</span>\n                <span class=\"sku-value\" data-product-sku>{{sku}}</span>\n              {{/if}}\n              {{/if}}\n            </h4>\n          </div>\n\n            <h4 class=\"card-title\">\n                <a href=\"{{url}}\">{{name}}</a>\n            </h4>\n            {{#if show_rating}}\n                <p class=\"card-text\" data-test-info-type=\"productRating\">\n                    <span class=\"rating--small\">\n                        {{> components/products/ratings rating=rating}}\n                    </span>\n                </p>\n            {{/if}}\n\n            <div class=\"card-text\" data-test-info-type=\"price\">\n                <div class=\"price-visibility{{#or customer (if theme_settings.restrict_to_login '===' true)}} visible{{/or}}\">\n                  {{#or customer (if theme_settings.restrict_to_login '!==' true)}}\n                    {{> components/products/price price=price customer=customer}}\n                  {{else}}\n                </div>\n                <div class=\"price-visibility{{#or customer (if theme_settings.restrict_to_login '===' true)}} restricted{{/or}}\">\n                    {{> components/common/login-for-pricing}}\n                {{/or}}\n                </div>\n            </div>\n            {{> components/products/bulk-discount-rates}}\n            {{#or customer (if theme_settings.restrict_to_login '!==' true)}}\n            <div class=\"card-text add-to-cart-button\">\n                    {{#if show_cart_action}}\n                        {{#if has_options}}\n                            <a href=\"{{url}}\" class=\"button button--small card-figcaption-button\" data-product-id=\"{{id}}\">{{lang 'products.choose_options'}}</a>\n                        {{/if}}\n                        {{#if pre_order}}\n                            <a href=\"{{url}}\" class=\"button button--small card-figcaption-button\">{{lang 'products.pre_order'}}</a>\n                        {{/if}}\n                        {{#if add_to_cart_url }}\n                            <a href=\"{{add_to_cart_url}}\" class=\"button button--small card-figcaption-button\">{{lang 'products.add_to_cart'}}</a>\n                        {{/if}}\n                        {{#if out_of_stock_message }}\n                            <a href=\"{{url}}\" class=\"button button--small card-figcaption-button\" data-product-id=\"{{id}}\">{{out_of_stock_message}}</a>\n                        {{/if}}\n                    {{/if}}\n\n                    {{#if show_compare}}\n                        <label class=\"button button--small card-figcaption-button compare\" for=\"compare-{{id}}\">\n                          <span class=\"custom-checkbox\"><input type=\"checkbox\" name=\"products[]\" value=\"{{id}}\" id=\"compare-{{id}}\" data-compare-id=\"{{id}}\"></span>\n                          <span class=\"compare-text\">{{lang 'products.compare'}}</span>\n                        </label>\n                    {{/if}}\n            </div>\n            {{/or}}\n        </div>\n        {{else if theme_settings.price_as_low_as '===' true}}\n        {{#or customer (if theme_settings.restrict_to_login '===' true)}}\n        <div class=\"card-body with-as-low-as-pricing purchase-ability{{#or customer (if theme_settings.restrict_to_login '===' true)}} restricted{{/or}}\" data-test-info-type=\"price\">\n\n          <div class=\"card-sku-brand-section {{#if theme_settings.card-brand-sku-separate-lines '===' true}} separate-lines {{/if}} {{#or (if theme_settings.card-brand-name '==' true) (if theme_settings.card-sku '==' true)}} card-sku-brand-visible{{/or}} \">\n              <h4 class=\"card-text brand {{#if theme_settings.card-brand-2-lines '===' true}} two-lines {{/if}}\" data-test-info-type=\"brandName\">{{brand.name}}</h4>\n              {{#if theme_settings.card-brand-name '===' true}}\n               {{#if brand.name}}\n               {{#if theme_settings.card-sku '===' true}}\n               {{#if sku}}\n                 <span class=\"brand-sku-divider\">|</span>\n               {{/if}}\n               {{/if}}\n               {{/if}}\n             {{/if}}\n            <h4 class=\"card-text sku {{#if theme_settings.card-sku-2-lines '===' true}} two-lines {{/if}}\">\n              {{#if theme_settings.card-sku '===' true}}\n              {{#if sku}}\n                <span class=\"sku-label\">{{lang 'sku'}}:</span>\n                <span class=\"sku-value\" data-product-sku>{{sku}}</span>\n              {{/if}}\n              {{/if}}\n            </h4>\n          </div>\n\n            <h4 class=\"card-title\">\n                <a href=\"{{url}}\">{{name}}</a>\n            </h4>\n            {{#if show_rating}}\n                <p class=\"card-text\" data-test-info-type=\"productRating\">\n                    <span class=\"rating--small\">\n                        {{> components/products/ratings rating=rating}}\n                    </span>\n                </p>\n            {{/if}}\n\n            <div class=\"card-text\" data-test-info-type=\"price\">\n                <div class=\"price-visibility{{#or customer (if theme_settings.restrict_to_login '===' true)}} visible{{/or}}\">\n                  {{#or customer (if theme_settings.restrict_to_login '!==' true)}}\n                    {{> components/products/price price=price customer=customer}}\n                  {{else}}\n                </div>\n                <div class=\"price-visibility{{#or customer (if theme_settings.restrict_to_login '===' true)}} restricted{{/or}}\">\n                    {{> components/common/login-for-pricing}}\n                {{/or}}\n                </div>\n            </div>\n            {{> components/products/bulk-discount-rates}}\n            {{#or customer (if theme_settings.restrict_to_login '!==' true)}}\n            <div class=\"card-text add-to-cart-button\">\n                    {{#if show_cart_action}}\n                        {{#if has_options}}\n                            <a href=\"{{url}}\" class=\"button button--small card-figcaption-button\" data-product-id=\"{{id}}\">{{lang 'products.choose_options'}}</a>\n                        {{/if}}\n                        {{#if pre_order}}\n                            <a href=\"{{url}}\" class=\"button button--small card-figcaption-button\">{{lang 'products.pre_order'}}</a>\n                        {{/if}}\n                        {{#if add_to_cart_url }}\n                            <a href=\"{{add_to_cart_url}}\" class=\"button button--small card-figcaption-button\">{{lang 'products.add_to_cart'}}</a>\n                        {{/if}}\n                        {{#if out_of_stock_message }}\n                            <a href=\"{{url}}\" class=\"button button--small card-figcaption-button\" data-product-id=\"{{id}}\">{{out_of_stock_message}}</a>\n                        {{/if}}\n                    {{/if}}\n\n                    {{#if show_compare}}\n                        <label class=\"button button--small card-figcaption-button compare\" for=\"compare-{{id}}\">\n                            <<span class=\"custom-checkbox\"><input type=\"checkbox\" name=\"products[]\" value=\"{{id}}\" id=\"compare-{{id}}\" data-compare-id=\"{{id}}\"></span>\n                            <span class=\"compare-text\">{{lang 'products.compare'}}</span>\n                        </label>\n                    {{/if}}\n            </div>\n            {{/or}}\n        </div>\n\n        {{/or}}\n        {{/or}}\n\n\n          {{else if theme_settings.price_as_low_as '===' false}}\n          {{#or customer (if theme_settings.restrict_to_login '===' false)}}\n          <div class=\"card-body purchase-ability{{#or customer (if theme_settings.restrict_to_login '===' true)}} restricted{{/or}}\" data-test-info-type=\"price\">\n\n            <div class=\"card-sku-brand-section {{#if theme_settings.card-brand-sku-separate-lines '===' true}} separate-lines {{/if}} {{#or (if theme_settings.card-brand-name '==' true) (if theme_settings.card-sku '==' true)}} card-sku-brand-visible{{/or}} \">\n                <h4 class=\"card-text brand {{#if theme_settings.card-brand-2-lines '===' true}} two-lines {{/if}}\" data-test-info-type=\"brandName\">{{brand.name}}</h4>\n                {{#if theme_settings.card-brand-name '===' true}}\n                 {{#if brand.name}}\n                 {{#if theme_settings.card-sku '===' true}}\n                 {{#if sku}}\n                   <span class=\"brand-sku-divider\">|</span>\n                 {{/if}}\n                 {{/if}}\n                 {{/if}}\n               {{/if}}\n              <h4 class=\"card-text sku {{#if theme_settings.card-sku-2-lines '===' true}} two-lines {{/if}}\">\n                {{#if theme_settings.card-sku '===' true}}\n                {{#if sku}}\n                  <span class=\"sku-label\">{{lang 'sku'}}:</span>\n                  <span class=\"sku-value\" data-product-sku>{{sku}}</span>\n                {{/if}}\n                {{/if}}\n              </h4>\n            </div>\n\n              <h4 class=\"card-title\">\n                  <a href=\"{{url}}\">{{name}}</a>\n              </h4>\n              {{#if show_rating}}\n                  <p class=\"card-text\" data-test-info-type=\"productRating\">\n                      <span class=\"rating--small\">\n                          {{> components/products/ratings rating=rating}}\n                      </span>\n                  </p>\n              {{/if}}\n\n              <div class=\"card-text\" data-test-info-type=\"price\">\n                  <div class=\"price-visibility{{#or customer (if theme_settings.restrict_to_login '===' true)}} visible{{/or}}\">\n                    {{#or customer (if theme_settings.restrict_to_login '!==' true)}}\n                      {{> components/products/price price=price customer=customer}}\n                    {{else}}\n                  </div>\n                  <div class=\"price-visibility{{#or customer (if theme_settings.restrict_to_login '===' true)}} restricted{{/or}}\">\n                      {{> components/common/login-for-pricing}}\n                  {{/or}}\n                  </div>\n              </div>\n              {{> components/products/bulk-discount-rates}}\n              {{#or customer (if theme_settings.restrict_to_login '!==' true)}}\n              <div class=\"card-text add-to-cart-button\">\n                      {{#if show_cart_action}}\n                          {{#if has_options}}\n                              <a href=\"{{url}}\" class=\"button button--small card-figcaption-button\" data-product-id=\"{{id}}\">{{lang 'products.choose_options'}}</a>\n                          {{/if}}\n                          {{#if pre_order}}\n                              <a href=\"{{url}}\" class=\"button button--small card-figcaption-button\">{{lang 'products.pre_order'}}</a>\n                          {{/if}}\n                          {{#if add_to_cart_url }}\n                              <a href=\"{{add_to_cart_url}}\" class=\"button button--small card-figcaption-button\">{{lang 'products.add_to_cart'}}</a>\n                          {{/if}}\n                          {{#if out_of_stock_message }}\n                              <a href=\"{{url}}\" class=\"button button--small card-figcaption-button\" data-product-id=\"{{id}}\">{{out_of_stock_message}}</a>\n                          {{/if}}\n                      {{/if}}\n\n                      {{#if show_compare}}\n                          <label class=\"button button--small card-figcaption-button compare\" for=\"compare-{{id}}\">\n                            <span class=\"custom-checkbox\"><input type=\"checkbox\" name=\"products[]\" value=\"{{id}}\" id=\"compare-{{id}}\" data-compare-id=\"{{id}}\"></span>\n                            <span class=\"compare-text\">{{lang 'products.compare'}}</span>\n                          </label>\n                      {{/if}}\n              </div>\n              {{/or}}\n          </div>\n\n          {{else}}\n          {{#or customer (if theme_settings.restrict_to_login '===' true)}}\n          <div class=\"card-body purchase-ability{{#or customer (if theme_settings.restrict_to_login '===' true)}} restricted{{/or}}\" data-test-info-type=\"price\">\n\n            <div class=\"card-sku-brand-section {{#if theme_settings.card-brand-sku-separate-lines '===' true}} separate-lines {{/if}} {{#or (if theme_settings.card-brand-name '==' true) (if theme_settings.card-sku '==' true)}} card-sku-brand-visible{{/or}} \">\n                <h4 class=\"card-text brand {{#if theme_settings.card-brand-2-lines '===' true}} two-lines {{/if}}\" data-test-info-type=\"brandName\">{{brand.name}}</h4>\n                {{#if theme_settings.card-brand-name '===' true}}\n                 {{#if brand.name}}\n                 {{#if theme_settings.card-sku '===' true}}\n                 {{#if sku}}\n                   <span class=\"brand-sku-divider\">|</span>\n                 {{/if}}\n                 {{/if}}\n                 {{/if}}\n               {{/if}}\n              <h4 class=\"card-text sku {{#if theme_settings.card-sku-2-lines '===' true}} two-lines {{/if}}\">\n                {{#if theme_settings.card-sku '===' true}}\n                {{#if sku}}\n                  <span class=\"sku-label\">{{lang 'sku'}}:</span>\n                  <span class=\"sku-value\" data-product-sku>{{sku}}</span>\n                {{/if}}\n                {{/if}}\n              </h4>\n            </div>\n\n              <h4 class=\"card-title\">\n                  <a href=\"{{url}}\">{{name}}</a>\n              </h4>\n              {{#if show_rating}}\n                  <p class=\"card-text\" data-test-info-type=\"productRating\">\n                      <span class=\"rating--small\">\n                          {{> components/products/ratings rating=rating}}\n                      </span>\n                  </p>\n              {{/if}}\n\n              <div class=\"card-text\" data-test-info-type=\"price\">\n                  <div class=\"price-visibility{{#or customer (if theme_settings.restrict_to_login '===' true)}} visible{{/or}}\">\n                    {{#or customer (if theme_settings.restrict_to_login '!==' true)}}\n                      {{> components/products/price price=price customer=customer}}\n                    {{else}}\n                  </div>\n                  <div class=\"price-visibility{{#or customer (if theme_settings.restrict_to_login '===' true)}} restricted{{/or}}\">\n                      {{> components/common/login-for-pricing}}\n                  {{/or}}\n                  </div>\n              </div>\n              {{> components/products/bulk-discount-rates}}\n              {{#or customer (if theme_settings.restrict_to_login '!==' true)}}\n              <div class=\"card-text add-to-cart-button\">\n                      {{#if show_cart_action}}\n                          {{#if has_options}}\n                              <a href=\"{{url}}\" class=\"button button--small card-figcaption-button\" data-product-id=\"{{id}}\">{{lang 'products.choose_options'}}</a>\n                          {{/if}}\n                          {{#if pre_order}}\n                              <a href=\"{{url}}\" class=\"button button--small card-figcaption-button\">{{lang 'products.pre_order'}}</a>\n                          {{/if}}\n                          {{#if add_to_cart_url }}\n                              <a href=\"{{add_to_cart_url}}\" class=\"button button--small card-figcaption-button\">{{lang 'products.add_to_cart'}}</a>\n                          {{/if}}\n                          {{#if out_of_stock_message }}\n                              <a href=\"{{url}}\" class=\"button button--small card-figcaption-button\" data-product-id=\"{{id}}\">{{out_of_stock_message}}</a>\n                          {{/if}}\n                      {{/if}}\n\n                      {{#if show_compare}}\n                          <label class=\"button button--small card-figcaption-button compare\" for=\"compare-{{id}}\">\n                            <span class=\"custom-checkbox\"><input type=\"checkbox\" name=\"products[]\" value=\"{{id}}\" id=\"compare-{{id}}\" data-compare-id=\"{{id}}\"></span>\n                            <span class=\"compare-text\">{{lang 'products.compare'}}</span>\n                          </label>\n                      {{/if}}\n              </div>\n              {{/or}}\n          </div>\n          {{/or}}\n          {{/or}}\n        {{/if}}\n</article>\n{{/if}}\n",
  "components/products/list-item": "{{!-- LimMedia.io --}}\n<article class=\"listItem {{#if show_compare}} compare-enabled {{else}} compare-disabled{{/if}}\">\n    <figure class=\"listItem-figure {{#if images.[1]}}multiple-images{{/if}}\">\n      {{#or price.non_sale_price_with_tax price.non_sale_price_without_tax}}\n              {{#if theme_settings.product_sale_badges '===' 'sash'}}\n                  <div class=\"sale-flag-sash\">\n                      <span class=\"sale-text\">SALE</span>\n                  </div>\n              {{else if theme_settings.product_sale_badges '===' 'topleft'}}\n                  <div class=\"sale-flag-side\">\n                      <span class=\"sale-text\">SALE</span>\n                  </div>\n              {{else if theme_settings.product_sale_badges '===' 'burst'}}\n                  <div class=\"starwrap\">\n                      <div class=\"sale-text-burst\">SALE</div>\n                      <div class=\"sale-flag-star\"></div>\n                  </div>\n              {{/if}}\n          {{/or}}\n        <a href=\"{{url}}\">\n          {{#if theme_settings.product_hover_images '===' 'active'}}\n            <img class=\"listItem-image lazyload\" data-sizes=\"auto\" src=\"{{cdn 'img/loading.svg'}}\" data-src=\"{{getImage image 'productgallery_size' (cdn theme_settings.default_image_product)}}\" alt=\"{{image.alt}}\" title=\"{{image.alt}}\">\n            {{#each (limit images 2)}}\n              {{#if @index '>' 0}}\n                <img class='listItem-image alt' src=\"{{getImage this 'productgallery_size' (cdn theme_settings.default_image_product)}}\" alt=\"{{this.alt}}\" title=\"{{this.alt}}\">\n              {{/if}}\n            {{/each}}\n              {{else if theme_settings.product_hover_images '===' 'inactive'}}\n                <img class=\"card-image lazyload\" data-sizes=\"auto\" src=\"{{cdn 'img/loading.svg'}}\" data-src=\"{{getImage image 'productgallery_size' (cdn theme_settings.default_image_product)}}\" alt=\"{{image.alt}}\" title=\"{{image.alt}}\">\n            {{/if}}\n            </a>\n        {{#unless hide_product_quick_view}}\n            {{#if theme_settings.show_product_quick_view}}\n            <figcaption class=\"card-figcaption\">\n        <div class=\"card-figcaption-body\">\n          {{#unless hide_product_quick_view}}\n              {{#if theme_settings.show_product_quick_view}}\n                  {{#unless demo}}\n                      <a href=\"#\" class=\"button button--small card-figcaption-button quickview\" data-product-id=\"{{id}}\">{{lang 'products.quick_view'}}</a>\n                  {{/unless}}\n              {{/if}}\n          {{/unless}}\n        </div>\n    </figcaption>\n            {{/if}}\n        {{/unless}}\n\n    </figure>\n    <div class=\"listItem-body\">\n        <div class=\"listItem-content\">\n            <div class=\"listItem-details\">\n                {{#if show_rating}}\n                    <p class=\"listItem-rating\">{{> components/products/ratings rating=rating}}</p>\n                {{/if}}\n                {{#if brand.name}}\n                <!-- <p class=\"listItem-brand\">{{brand.name}}</p> -->\n                {{/if}}\n                <h4 class=\"listItem-title\">\n                    <a href=\"{{url}}\">{{name}}</a>\n                </h4>\n                {{#if summary}}\n                    {{{summary}}}\n                {{/if}}\n            </div>\n            <div class=\"listItem-actions\">\n                {{#or customer (if theme_settings.restrict_to_login '!==' true)}}\n                    {{#if price}}\n                        <div class=\"listItem-price\">\n                            {{> components/products/price settings=settings sharedProduct=this price=price schema_org=schema}}\n                        </div>\n                    {{/if}}\n                    {{#if show_cart_action}}\n                        {{#if has_options}}\n                            <a href=\"{{url}}\" class=\"button button--small\" data-product-id=\"{{id}}\">{{lang 'products.choose_options'}}</a>\n                        {{/if}}\n                        {{#if pre_order}}\n                            <a href=\"{{pre_order_add_to_cart_url}}\" class=\"button button--primary\">{{lang 'products.pre_order'}}</a>\n                        {{/if}}\n                        {{#if add_to_cart_url }}\n                            <a href=\"{{add_to_cart_url}}\" class=\"button button--primary\">{{lang 'products.add_to_cart'}}</a>\n                        {{/if}}\n                        {{#if out_of_stock_message }}\n                            <a href=\"{{url}}\" class=\"button button--small\" data-product-id=\"{{id}}\">{{out_of_stock_message}}</a>\n                        {{/if}}\n                    {{/if}}\n                {{else}}\n                    {{> components/common/login-for-pricing}}\n                {{/or}}\n                {{#if show_compare}}\n                <label class=\"button button--small card-figcaption-button compare\" for=\"compare-{{id}}\">\n                  <span class=\"custom-checkbox\"><input type=\"checkbox\" name=\"products[]\" value=\"{{id}}\" id=\"compare-{{id}}\" data-compare-id=\"{{id}}\"></span>\n                  <span class=\"compare-text\">{{lang 'products.compare'}}</span>\n                </label>\n                {{/if}}\n            </div>\n        </div>\n        <div class=\"clear\"></div>\n    </div>\n</article>\n",
  "components/products/ratings": "{{#for 1 5}}\n    {{#if ../this.rating '>=' $index}}\n        <span class=\"icon icon--ratingFull\">\n            <svg>\n                <use xlink:href=\"#icon-star\" />\n            </svg>\n        </span>\n    {{else}}\n        <span class=\"icon icon--ratingEmpty\">\n            <svg>\n                <use xlink:href=\"#icon-star\" />\n            </svg>\n        </span>\n    {{/if}}\n{{/for}}\n{{{snippet 'product_rating'}}}\n",
  "components/products/price": "{{!-- LimMedia.io --}}\n{{!-- There are 2 code paths for generating the PDP pricing HTML determined by the following #and condition.\nIf a 'price_range' exists then we generate all HTML in price-range.html, otherwise it is defined here. Both code\npaths generate the same HTML structure with some differences in whether that element is displayed by default (css styling).\n\nIf you are making a change here or in price-range.html, you probably want to make that change in both files. --}}\n\n{{#and price.price_range (if theme_settings.price_ranges '==' true)}}\n    {{> components/products/price-range price=price}}\n{{else}}\n    {{#if price.with_tax}}\n      <div class=\"msrp-sale-regular-price-section withTax\">\n        <div class=\"price-section price-section--withTax rrp-price--withTax\" {{#unless price.rrp_with_tax}}style=\"display: none;\"{{/unless}}>\n            <span class=\"price-label\">{{theme_settings.pdp-retail-price-label}}</span>\n            <span data-product-rrp-with-tax class=\"price price--rrp\">\n                {{price.rrp_with_tax.formatted}}\n            </span>\n        </div>\n        <div class=\"price-section price-section--withTax non-sale-price non-sale-price--withTax\" {{#unless price.non_sale_price_with_tax}}style=\"display: none;\"{{/unless}}>\n            <span class=\"price-label\">{{theme_settings.pdp-non-sale-price-label}}</span>\n            <span data-product-non-sale-price-with-tax class=\"price price--non-sale\">\n                {{price.non_sale_price_with_tax.formatted}}\n            </span>\n        </div>\n      </div>\n        <div class=\"price-section price-section--withTax current-price{{#if price.non_sale_price_with_tax}} sale-price {{else}} regular-price{{/if}}\" >\n            <span class=\"price-label\" {{#if price.non_sale_price_with_tax}}style=\"display: none;\"{{/if}}>\n                {{theme_settings.pdp-price-label}}\n            </span>\n\n              <span class=\"price-label price-now-label\" {{#unless price.non_sale_price_with_tax}}style=\"display: none;\"{{/unless}}>\n                {{theme_settings.pdp-sale-price-label}}\n              </span>\n\n            <span data-product-price-with-tax class=\"price price--withTax\">{{price.with_tax.formatted}}</span>\n            {{#if price.without_tax}}\n                <abbr title=\"{{lang 'products.including_tax'}}\">{{lang 'products.price_with_tax' tax_label=price.tax_label}}</abbr>\n            {{/if}}\n        </div>\n    {{/if}}\n    {{#if price.without_tax}}\n      <div class=\"msrp-sale-regular-price-section withoutTax\">\n        <div class=\"price-section price-section--withoutTax rrp-price--withoutTax{{#if price.with_tax}} price-section--minor{{/if}}\" {{#unless price.rrp_without_tax}}style=\"display: none;\"{{/unless}}>\n            <span class=\"price-label\">{{theme_settings.pdp-retail-price-label}}</span>\n            <span data-product-rrp-price-without-tax class=\"price price--rrp\">\n                {{price.rrp_without_tax.formatted}}\n            </span>\n        </div>\n        {{#if price.non_sale_price_without_tax.formatted}}\n        <div class=\"price-section price-section--withoutTax non-sale-price non-sale-price--withoutTax{{#if price.with_tax}} price-section--minor{{/if}}\" {{#unless price.non_sale_price_without_tax}}style=\"display: none;\"{{/unless}}>\n            <span class=\"price-label\">{{theme_settings.pdp-non-sale-price-label}}</span>\n            <span data-product-non-sale-price-without-tax class=\"price price--non-sale\">\n                {{price.non_sale_price_without_tax.formatted}}\n            </span>\n        </div>\n        </div>\n        {{/if}}\n\n        <div class=\"price-section price-section--withoutTax current-price{{#if price.non_sale_price_without_tax}} sale-price {{else}} regular-price{{/if}}\" >\n            <span class=\"price-label\" {{#if price.non_sale_price_without_tax}}style=\"display: none;\"{{/if}}>\n                {{theme_settings.pdp-price-label}}\n            </span>\n\n              <span class=\"price-label price-now-label\" {{#unless price.non_sale_price_without_tax}}style=\"display: none;\"{{/unless}}>\n                {{theme_settings.pdp-sale-price-label}}\n              </span>\n\n            <span data-product-price-without-tax class=\"price price--withoutTax{{#if price.with_tax}} price-section--minor{{/if}}\">{{price.without_tax.formatted}}</span>\n            \n            {{#if price.with_tax}}\n                <abbr title=\"{{lang 'products.excluding_tax'}}\">{{lang 'products.price_without_tax' tax_label=price.tax_label}}</abbr>\n            {{/if}}\n\n    {{/if}}\n    \n    {{#if page_type '===' 'product'}}\n         <div class=\"price-section price-section--saving price\" {{#unless price.saved}}style=\"display: none;\"{{/unless}}>\n                <span class=\"price\">{{lang 'products.you_save_opening_text'}}</span>\n                <span data-product-price-saved class=\"price price--saving\">\n                    {{price.saved.formatted}}\n                </span>\n                <span class=\"price\">{{lang 'products.you_save_closing_bracket'}}</span>\n         </div>\n\n    {{/if}}\n{{/and}}\n",
  "components/common/login-for-pricing": "<p translate>Log in for pricing</p>\n",
  "components/products/bulk-discount-rates": "{{!-- LimMedia.io --}}\n{{#if bulk_discount_rates.length '>' 0}}\n<h2 class=\"productView-title-bulkPricing\">{{lang 'products.bulk_pricing.title'}}</h2>\n<table class=\"productView-table-bulkPricing\">\n    <tbody>\n        <tr>\n            <th>{{lang 'products.bulk_pricing.quantity_text'}}</th>\n            {{#each bulk_discount_rates}}\n            <td>\n                {{lang 'products.bulk_pricing.range_short' min=min max=max}}\n            </td>\n            {{/each}}\n        </tr>\n        <tr>\n            <th>{{lang 'products.bulk_pricing.price_text'}}</th>\n            {{#each bulk_discount_rates}}\n            <td>\n                {{#if type '===' 'fixed'}}\n                    {{discount.formatted}}\n                {{/if}}\n                \n                {{#if type '===' 'percent'}}\n                    {{#if ../../../price.with_tax}}\n                        {{money (subtract ../../../price.with_tax.value (divide (multiply discount.value ../../../price.with_tax.value) 100))}}\n                    {{else}}\n                        {{money (subtract ../../../price.without_tax.value (divide (multiply discount.value ../../../price.without_tax.value) 100))}}\n                    {{/if}}\n                {{/if}}\n                \n                {{#if type '===' 'price'}}\n                    {{#if ../../../price.with_tax}}\n                        {{money (subtract ../../../price.with_tax.value discount.value)}}\n                    {{else}}\n                        {{money (subtract ../../../price.without_tax.value discount.value)}}\n                    {{/if}}\n                {{/if}}\n            </td>\n            {{/each}}\n        </tr>\n    </tbody>\n</table>\n{{/if}}",
  "components/products/price-range": "{{!-- LimMedia.io --}}\n{{#and price.retail_price_range.min.with_tax price.retail_price_range.max.with_tax}}\n    <div class=\"price-section price-section--withTax rrp-price--withTax\">\n        {{theme_settings.pdp-retail-price-label}}\n        <span data-product-rrp-price-with-tax class=\"price price--rrp\">{{price.retail_price_range.min.with_tax.formatted}} - {{price.retail_price_range.max.with_tax.formatted}}</span>\n    </div>\n{{else}}\n    {{#if price.with_tax}}\n      <div class=\"msrp-sale-regular-price-section withTax\">\n        <div class=\"price-section price-section--withTax rrp-price--withTax\" style=\"display: none;\">\n            {{theme_settings.pdp-retail-price-label}}\n            <span data-product-rrp-with-tax class=\"price price--rrp\">\n                {{price.rrp_with_tax.formatted}}\n            </span>\n        </div>\n      </div>\n    {{/if}}\n{{/and}}\n{{#and price.price_range.min.with_tax price.price_range.max.with_tax}}\n    {{!-- Never display the \"non-sales price\" if there is a price range to be shown, but we do want the element on the page --}}\n    <div class=\"price-section price-section--withTax non-sale-price non-sale-price--withTax\" style=\"display: none;\">\n        {{theme_settings.pdp-non-sale-price-label}}\n        <span data-product-non-sale-price-with-tax class=\"price price--non-sale\">\n            {{price.non_sale_price_with_tax.formatted}}\n        </span>\n    </div>\n    <div class=\"price-section price-section--withTax current-price price-range{{#if price.non_sale_price_with_tax}} sale-price {{else}} regular-price{{/if}}\" >\n        <span class=\"price-label\">{{theme_settings.pdp-price-label}}</span>\n        <span class=\"price-now-label\" style=\"display: none;\">{{theme_settings.pdp-sale-price-label}}</span>\n        <span data-product-price-with-tax class=\"price price--withTax\">{{price.price_range.min.with_tax.formatted}} - {{price.price_range.max.with_tax.formatted}}</span>\n        {{#and price.price_range.min.without_tax price.price_range.max.without_tax}}\n            <abbr title=\"{{lang 'products.including_tax'}}\">{{lang 'products.price_with_tax' tax_label=price.price_range.min.tax_label}}</abbr>\n        {{/and}}\n        \n    </div>\n{{/and}}\n{{#and price.retail_price_range.min.without_tax price.retail_price_range.max.without_tax}}\n    <div class=\"price-section price-section--withoutTax rrp-price--withoutTax{{#if price.with_tax}} price-section--minor{{/if}}\">\n        {{theme_settings.pdp-retail-price-label}}\n        <span data-product-rrp-price-without-tax class=\"price price--rrp\">{{price.retail_price_range.min.without_tax.formatted}} - {{price.retail_price_range.max.without_tax.formatted}}</span>\n    </div>\n{{else}}\n    {{#if price.without_tax}}\n      <div class=\"msrp-sale-regular-price-section withoutTax\">\n        <div class=\"price-section price-section--withoutTax rrp-price--withoutTax{{#if price.with_tax}} price-section--minor{{/if}}\" style=\"display: none;\">\n            {{theme_settings.pdp-retail-price-label}}\n            <span data-product-rrp-price-without-tax class=\"price price--rrp\">\n                {{price.rrp_without_tax.formatted}}\n            </span>\n        </div>\n      </div>\n    {{/if}}\n{{/and}}\n{{#and price.price_range.min.without_tax price.price_range.max.without_tax}}\n    {{!-- Never display the \"non-sales price\" if there is a price range to be shown, but we do want the element on the page --}}\n    <div class=\"price-section price-section--withoutTax non-sale-price non-sale-price--withoutTax{{#if price.with_tax}} price-section--minor{{/if}}\" style=\"display: none;\">\n        {{theme_settings.pdp-non-sale-price-label}}\n        <span data-product-non-sale-price-without-tax class=\"price price--non-sale\">\n            {{price.non_sale_price_without_tax.formatted}}\n        </span>\n    </div>\n    <div class=\"price-section price-section--withoutTax current-price price-range{{#if price.non_sale_price_with_tax}} sale-price {{else}} regular-price{{/if}}{{#and price_range.min.with_tax price_range.max.with_tax}} price-section--minor{{/and}}\" >\n        <span class=\"price-label\">{{theme_settings.pdp-price-label}}</span>\n        <span class=\"price-now-label\" style=\"display: none;\">{{theme_settings.pdp-sale-price-label}}</span>\n        <span data-product-price-without-tax class=\"price price--withoutTax\">{{price.price_range.min.without_tax.formatted}} - {{price.price_range.max.without_tax.formatted}}</span>\n        {{#and price.price_range.min.with_tax price.price_range.max.with_tax}}\n            <abbr title=\"{{lang 'products.excluding_tax'}}\">{{lang 'products.price_without_tax' tax_label=price.price_range.min.tax_label}}</abbr>\n        {{/and}}\n        \n    </div>\n{{/and}}\n\n{{!-- Never display the \"saving price\" element by default if there is a price range on the page to be shown --}}\n{{#if page_type '===' 'product'}}\n     <div class=\"price-section price-section--saving price\" style=\"display: none;\">\n            <span class=\"price\">{{lang 'products.you_save_opening_text'}}</span>\n                 <span data-product-price-saved class=\"price price--saving\">{{price.saved.formatted}}</span>\n                 <span class=\"price\">{{lang 'products.you_save_closing_bracket'}}</span>\n     </div>\n{{/if}}\n"
}