{
  "components/page/contact-page-with-sidenav": "<div class=\"page-content page-content with-sidenav\">\n  {{> components/custom/sidenav}}\n  <div class=\"main-content\">\n    {{> components/common/breadcrumbs breadcrumbs=breadcrumbs}}\n    <h1 class=\"page-heading\">{{page.title}}</h1>\n\n    {{#if page.sub_pages}}\n        <nav class=\"navBar\">\n            <ul class=\"navBar-section\">\n                {{#each page.sub_pages}}\n                    <li class=\"navBar-item\"><a class=\"navBar-action\" href=\"{{url}}\">{{title}}</a></li>\n                {{/each}}\n            </ul>\n        </nav>\n    {{/if}}\n\n    {{#if forms.contact.success}}\n        {{{lang 'forms.contact_us.successful' shopPath=urls.home}}}\n    {{else}}\n        <p>{{{page.content}}}</p>\n        {{> components/page/contact-us-form}}\n    {{/if}}\n    <div class=\"clear\"></div>\n\n    <!-- INSTAGRAM FEED -->\n    {{#if theme_settings.feed_position '===' 'above-footer'}}\n    {{#if theme_settings.feed_presence '===' 'instafeed_site_wide'}}\n    <div class=\"instagram-feed above-footer\">\n      {{> components/custom/instagram-feed}}\n      <div class=\"clear\"></div>\n    </div>\n    {{/if}}\n    {{/if}}\n  </div>\n\n</div>\n",
  "components/custom/instagram-feed": "{{#if theme_settings.enable_instagram_feed '===' true}}\n<section class=\"content\">\n    <h2 class=\"container-header instagram-header\"><span>{{lang 'social-feed.latest_instagram'}}</span></h2>\n    <div id=\"instafeed\" class=\"instagramFeed postColumns--{{theme_settings.instagram_columns_count}}\"></div>\n</section>\n{{/if}}  \n",
  "components/common/breadcrumbs": "<ul class=\"breadcrumbs\">\n    {{#each breadcrumbs}}\n        <li class=\"breadcrumb {{#if @last}}is-active{{/if}}\">\n            {{#if url}}\n                <a href=\"{{url}}\" class=\"breadcrumb-label\">{{name}}</a>\n            {{else}}\n                <span class=\"breadcrumb-label\">{{name}}</span>\n            {{/if}}\n        </li>\n    {{/each}}\n</ul>\n",
  "components/page/contact-us-form": "<form data-contact-form class=\"form\" action=\"{{urls.contact_us_submit}}\" method=\"post\">\n    {{#if forms.contact.error}}\n        {{> components/common/alert-error forms.contact.error}}\n    {{/if}}\n    <input type=\"hidden\" name=\"page_id\" id=\"page_id\" value=\"{{forms.contact.page_id}}\">\n    <div class=\"form-row form-row--half\">\n        {{#if forms.contact.name}}\n            <div class=\"form-field\">\n                <label class=\"form-label\" for=\"contact_fullname\">{{lang 'forms.contact_us.full_name'}}</label>\n                <input class=\"form-input\" type=\"text\" id=\"contact_fullname\" name=\"contact_fullname\" value=\"{{customer.name}}\">\n            </div>\n        {{/if}}\n\n        {{#if forms.contact.phone}}\n            <div class=\"form-field\">\n                <label class=\"form-label\" for=\"contact_phone\">{{lang 'forms.contact_us.phone'}}</label>\n                <input class=\"form-input\" type=\"text\" id=\"contact_phone\" name=\"contact_phone\" value=\"{{customer.phone}}\">\n            </div>\n        {{/if}}\n\n        <div class=\"form-field\">\n            <label class=\"form-label\" for=\"contact_email\">{{lang 'forms.contact_us.email'}}\n                <small>{{lang 'common.required' }}</small>\n            </label>\n            <input class=\"form-input\" type=\"text\" id=\"contact_email\" name=\"contact_email\" value=\"{{customer.email}}\">\n        </div>\n\n        {{#if forms.contact.order}}\n            <div class=\"form-field\">\n                <label class=\"form-label\" for=\"contact_orderno\">{{lang 'forms.contact_us.order'}}</label>\n                <input class=\"form-input\" type=\"text\" id=\"contact_orderno\" name=\"contact_orderno\">\n            </div>\n        {{/if}}\n\n        {{#if forms.contact.company}}\n            <div class=\"form-field\">\n                <label class=\"form-label\" for=\"contact_companyname\">{{lang 'forms.contact_us.company'}}</label>\n                <input class=\"form-input\" type=\"text\" id=\"contact_companyname\" name=\"contact_companyname\">\n            </div>\n        {{/if}}\n\n        {{#if forms.contact.rma}}\n            <div class=\"form-field\">\n                <label class=\"form-label\" for=\"contact_rma\">{{lang 'forms.contact_us.rma'}}</label>\n                <input class=\"form-input\" type=\"text\" id=\"contact_rma\" name=\"contact_rma\">\n            </div>\n        {{/if}}\n    </div>\n\n    <div class=\"form-field\">\n        <label class=\"form-label\" for=\"contact_question\">{{lang 'forms.contact_us.question'}}\n            <small>{{lang 'common.required' }}</small>\n        </label>\n        <textarea name=\"contact_question\" id=\"contact_question\" rows=\"5\" cols=\"50\" class=\"form-input\"></textarea>\n    </div>\n\n    {{{forms.contact.recaptcha.markup}}}\n\n    <div class=\"form-actions\">\n        <input class=\"button button--primary\" type=\"submit\" value=\"{{lang 'forms.contact_us.submit' }}\">\n    </div>\n</form>\n",
  "components/custom/sidenav": "<div class=\"sideCategoryList desktop vertical in-body\" id=\"side-categories\" data-menu>\n    <div class=\"categories\">\n        <div class=\"category-list\">\n            {{#each categories}}\n                <li class=\"navPages-item\">\n                    {{> components/common/navigation-list-alternate}}\n                </li>\n            {{/each}}\n        </div> <!-- category-list -->\n    </div> <!-- categories -->\n    <div class=\"brands-option{{#if theme_settings.brands_visibility '!==' 'no-brands'}} with-brands{{/if}}\">\n      <div class=\"brands\">\n        <li class=\"navPages-item is-root\">\n          <a class=\"brand top-level navPages-action navPages-action-depth-max has-submenu is-root active\" href=\"/brands/\">Shop by Brand</a>\n          <span class=\"down-arrow\"><i class=\"\" aria-hidden=\"true\"><svg><use xlink:href=\"#icon-angle-up\" /></svg></i></span>\n        </li>\n        <div class=\"brands-list\">\n          {{#each shop_by_brand}}\n              <li class=\"navPage-subMenu-item-child is-root\">\n                  <a class=\"navPages-action\" href=\"{{url}}\">{{name}}</a>\n              </li>\n          {{/each}}\n              <li class=\"all-brands\">\n                  <a class=\"navPages-action\" href=\"/brands/\">View all Brands</a>\n              </li>\n        </div> <!-- brand-list -->\n      </div> <!--brands-->\n    </div> <!--brands-option-->\n    <div class=\"container-header shop-by-price\">\n        {{#if category.faceted_search_enabled}}\n            {{> components/faceted-search/index category}}\n        {{else}}\n            {{> components/category/shop-by-price shop_by_price=category.shop_by_price category_url=category.url}}\n        {{/if}}\n    </div>\n\n  {{#if theme_settings.show_sidenav_featured_banner '===' true}}\n  {{#if theme_settings.external_link_sidenav '===' true}}\n    <!-- BEGIN SIDENAV BANNER -->\n      <div class=\"sidenav-banner zoom-image-container\">\n        <a target=\"_blank\" href=\"{{theme_settings.featured_sidenav_link}}\">\n          <img class=\"sidenav-image lazyload\" src=\"{{cdn 'img/loading.svg'}}\" data-src=\"/product_images/uploaded_images/{{theme_settings.featured_sidenav_image}}\" alt=\"{{theme_settings.featured_sidenav_banner_name}}\" title=\"{{theme_settings.featured_sidenav_banner_name}}\" />\n        </a>\n      </div>\n    <!-- END SIDENAV BANNER -->\n  {{/if}}\n  {{#if theme_settings.external_link_sidenav '===' false}}\n    <!-- BEGIN SIDENAV BANNER -->\n      <div class=\"sidenav-banner zoom-image-container\">\n        <a target=\"_self\" href=\"/{{theme_settings.featured_sidenav_link}}\">\n          <img class=\"sidenav-image lazyload\" src=\"{{cdn 'img/loading.svg'}}\" data-src=\"/product_images/uploaded_images/{{theme_settings.featured_sidenav_image}}\" alt=\"{{theme_settings.featured_sidenav_banner_name}}\" title=\"{{theme_settings.featured_sidenav_banner_name}}\" />\n        </a>\n      </div>\n    <!-- END SIDENAV BANNER -->\n  {{/if}}\n  {{/if}}\n\n</div> <!-- sideCategoryList -->\n",
  "components/common/alert-error": "<div class=\"alertBox alertBox--error\">\n    <div class=\"alertBox-column alertBox-icon\">\n        <icon glyph=\"ic-error\" class=\"icon\" aria-hidden=\"true\"><svg xmlns=\"http://www.w3.org/2000/svg\" width=\"24\" height=\"24\" viewBox=\"0 0 24 24\"><path d=\"M12 2C6.48 2 2 6.48 2 12s4.48 10 10 10 10-4.48 10-10S17.52 2 12 2zm1 15h-2v-2h2v2zm0-4h-2V7h2v6z\"></path></svg></icon>\n    </div>\n    <p class=\"alertBox-column alertBox-message\">\n        <span>{{{this}}}</span>\n    </p>\n</div>\n",
  "components/common/navigation-list-alternate": "{{#if children}}\n    <a class=\"navPages-action navPages-action-depth-max has-subMenu is-root topLevel\" href=\"{{url}}\">\n        {{name}} <i class=\"icon navPages-action-moreIcon\" aria-hidden=\"true\"><svg><use xlink:href=\"#icon-chevron-down\" /></svg></i>\n    </a>\n    {{> components/common/navigation-dropdown}}\n{{else}}\n    <a class=\"navPages-action\" href=\"{{url}}\">{{name}}</a>\n{{/if}}\n",
  "components/faceted-search/index": "<div id=\"facetedSearch\" class=\"facetedSearch sidebarBlock\">\n    {{> components/faceted-search/selected-facets selected}}\n\n    <a href=\"#facetedSearch-navList\" role=\"button\" class=\"facetedSearch-toggle toggleLink\" data-collapsible>\n        <span class=\"facetedSearch-toggle-text\">\n            {{#if facets.length '>' 2}}\n                {{lang 'search.faceted.browse-by'}} {{join (pluck facets 'title') ', ' limit=2}} &amp; {{toLowerCase (lang 'search.faceted.more')}}\n            {{else}}\n                {{lang 'search.faceted.browse-by'}} {{join (pluck facets 'title') ', ' lastSeparator=' & '}}\n            {{/if}}\n        </span>\n\n        <span class=\"facetedSearch-toggle-indicator\">\n            <span class=\"toggleLink-text toggleLink-text--on\">\n                {{lang 'search.faceted.hide-filters'}}\n\n                <i class=\"icon\" aria-hidden=\"true\">\n                    <svg><use xlink:href=\"#icon-keyboard-arrow-up\"/></svg>\n                </i>\n            </span>\n\n            <span class=\"toggleLink-text toggleLink-text--off\">\n                {{lang 'search.faceted.show-filters'}}\n\n                <i class=\"icon\" aria-hidden=\"true\">\n                    <svg><use xlink:href=\"#icon-keyboard-arrow-down\"/></svg>\n                </i>\n            </span>\n        </span>\n    </a>\n\n    {{#any facets visible=true}}\n        <div id=\"facetedSearch-navList\"\n            class=\"facetedSearch-navList\"\n        >\n            <div class=\"accordion accordion--navList\">\n                {{#each facets}}\n                    {{#if visible}}\n                        {{{dynamicComponent 'components/faceted-search/facets'}}}\n                    {{/if}}\n                {{/each}}\n            </div>\n\n            <div class=\"blocker\" style=\"display: none;\"></div>\n        </div>\n    {{/any}}\n</div>\n",
  "components/category/shop-by-price": "{{#if theme_settings.shop_by_price_visibility}}\n    <div class=\"sidebarBlock\">\n        <h5 class=\"sidebarBlock-heading\">{{lang 'category.shop_by_price'}}</h5>\n        <ul class=\"navList\">\n            {{#each shop_by_price}}\n            <li class=\"navList-item\">\n                <a class=\"navList-action {{#if selected }} is-active {{/if}}\" href=\"{{url}}\" alt=\"{{low.formatted}} - {{high.formatted}}\" title=\"{{low.formatted}} - {{high.formatted}}\">{{low.formatted}} - {{high.formatted}}</a>\n            </li>\n            {{/each}}\n\n            {{#any shop_by_price selected=true}}\n                <li class=\"navList-item\">\n                    <a href=\"{{category_url}}\" class=\"navList-action\">\n                        {{lang 'category.reset'}}\n                    </a>\n                </li>\n            {{/any}}\n        </ul>\n    </div>\n{{/if}}\n",
  "components/common/navigation-dropdown": "<div class=\"navPage-subMenu navPage-subMenu-horizontal\" id=\"navPages-{{id}}\" aria-hidden=\"true\" tabindex=\"-1\">\n    <ul class=\"navPage-subMenu-list\">\n        <li class=\"navPage-subMenu-item-parent\">\n            <a class=\"navPage-subMenu-action navPages-action navPages-action-depth-max {{#if is_active}} activePage{{/if}}\" href=\"{{url}}\">{{lang 'category.view_all.name' category=name}}</a>\n        </li>\n        {{#each children}}\n            <li class=\"navPage-subMenu-item-child\">\n                {{#if children}}\n                    <a class=\"navPage-subMenu-action navPages-action navPages-action-depth-max has-subMenu{{#if is_active}} activePage{{/if}}\" href=\"{{url}}\" data-collapsible=\"navPages-{{id}}\">\n                        {{name}} <i class=\"icon navPages-action-moreIcon\" aria-hidden=\"true\"><svg><use xlink:href=\"#icon-chevron-down\" /></svg></i>\n                    </a>\n                    {{> components/common/navigation-dropdown}}\n                {{else}}\n                    <a class=\"navPage-subMenu-action navPages-action{{#if is_active}} activePage{{/if}}\" href=\"{{url}}\">{{name}}</a>\n                {{/if}}\n            </li>\n        {{/each}}\n    </ul>\n</div>\n",
  "components/faceted-search/selected-facets": "<div class=\"facetedSearch-refineFilters sidebarBlock\">\n    <h2 class=\"sidebarBlock-heading\">\n        {{lang 'search.faceted.selected.title'}}\n    </h2>\n\n    {{#if items}}\n        <ul class=\"inlineList inlineList--labels\">\n            {{#each items}}\n                <li>\n                    <a href=\"{{url}}\"\n                       class=\"facetLabel\"\n                       rel=\"nofollow\"\n                       data-faceted-search-facet\n                    >\n                        {{#if facet '===' 'rating'}}\n                            {{lang 'search.faceted.selected.rating-label' rating=title}}\n                        {{else}}\n                            {{{sanitize title}}}\n                        {{/if}}\n\n                        <svg class=\"icon\">\n                            <use xlink:href=\"#icon-close\" />\n                        </svg>\n                    </a>\n                </li>\n            {{/each}}\n        </ul>\n    {{else}}\n        <p>{{lang 'search.faceted.selected.no-filters'}}</p>\n    {{/if}}\n\n    {{#if remove_all_url}}\n        <a href=\"{{remove_all_url}}\" data-faceted-search-facet>\n            {{lang 'search.faceted.selected.clear-all'}}\n        </a>\n    {{/if}}\n</div>\n",
  "components/faceted-search/facets/hierarchy-children": "<ul class=\"navList navList--inner\">\n    {{#each this}}\n        <li class=\"navList-item\">\n            <a\n            href=\"{{url}}\"\n            class=\"navList-action navList-action--checkbox{{#if selected}} is-selected{{/if}}{{#if has_sub_categories}} has-children{{/if}}\"\n            rel=\"nofollow\"\n            data-id=\"{{id}}\"\n            data-faceted-search-facet>\n                {{{sanitize title}}}\n                {{#if ../show_product_counts}}\n                    {{#if count}}\n                        <span>({{count}})</span>\n                    {{/if}}\n                {{/if}}\n            </a>\n            {{#if children}}\n                {{> components/faceted-search/facets/hierarchy-children children}}\n            {{/if}}\n        </li>\n    {{/each}}\n</ul>\n",
  "components/faceted-search/facets/hierarchy": "{{#if items}}\n<div class=\"accordion-block\">\n    {{> components/faceted-search/faceted-search-navigation}}\n\n    <div id=\"facetedSearch-content--{{dashcase facet}}\" class=\"accordion-content{{#unless start_collapsed}} is-open{{/unless}}\">\n        <ul id=\"facetedSearch-navList--{{dashcase facet}}\" class=\"navList\" data-facet=\"{{facet}}\" data-has-more-results=\"{{has_more_results}}\">\n            {{#each items}}\n                <li class=\"navList-item\">\n                    <a\n                        href=\"{{url}}\"\n                        class=\"navList-action navList-action--checkbox{{#if selected }} is-selected{{/if}}{{#if has_sub_categories}} has-children{{/if}}\"\n                        rel=\"nofollow\"\n                        data-id=\"{{id}}\"\n                        data-faceted-search-facet>\n                        {{{sanitize title}}}\n                        {{#if ../show_product_counts}}\n                            {{#if count}}\n                                <span>({{count}})</span>\n                            {{/if}}\n                        {{/if}}\n                    </a>\n                    {{#if children}}\n                        {{> components/faceted-search/facets/hierarchy-children children}}\n                    {{/if}}\n                </li>\n            {{/each}}\n        </ul>\n\n        {{#if show_more_toggle}}\n            <a href=\"#facetedSearch-navList--{{dashcase facet}}\" role=\"button\" class=\"toggleLink\">\n                <span class=\"toggleLink-text toggleLink-text--off\">{{lang 'search.faceted.show-more'}}</span>\n            </a>\n        {{/if}}\n    </div>\n</div>\n{{/if}}\n",
  "components/faceted-search/facets/multi": "{{#if items}}\n<div class=\"accordion-block\">\n    {{> components/faceted-search/faceted-search-navigation}}\n\n    <div id=\"facetedSearch-content--{{dashcase facet}}\" class=\"accordion-content{{#unless start_collapsed}} is-open{{/unless}}\">\n        <ul id=\"facetedSearch-navList--{{dashcase facet}}\" data-facet=\"{{facet}}\" class=\"navList\" data-has-more-results=\"{{has_more_results}}\">\n            {{#each items}}\n                <li class=\"navList-item\">\n                    <a\n                        href=\"{{url}}\"\n                        class=\"navList-action navList-action--checkbox{{#if selected}} is-selected{{/if}}\"\n                        rel=\"nofollow\"\n                        data-faceted-search-facet>\n                        {{{sanitize title}}}\n                        {{#if ../show_product_counts}}\n                            <span>({{count}})</span>\n                        {{/if}}\n\n                        <span class=\"navList-action-close\" aria-hidden=\"true\">\n                            <svg class=\"icon\">\n                                <use xlink:href=\"#icon-close\"/>\n                            </svg>\n                        </span>\n                    </a>\n                </li>\n            {{/each}}\n        </ul>\n\n        {{#if show_more_toggle}}\n            <a href=\"#facetedSearch-navList--{{dashcase facet}}\" role=\"button\" class=\"toggleLink\">\n                <span class=\"toggleLink-text toggleLink-text--off\">{{lang 'search.faceted.show-more'}}</span>\n            </a>\n        {{/if}}\n    </div>\n</div>\n{{/if}}\n",
  "components/faceted-search/facets/range": "<div class=\"accordion-block\">\n    {{> components/faceted-search/faceted-search-navigation}}\n\n    <div id=\"facetedSearch-content--{{dashcase facet}}\" class=\"accordion-content{{#unless start_collapsed}} is-open{{/unless}}\">\n        <form id=\"facet-range-form\" class=\"form\" method=\"get\" data-faceted-search-range novalidate>\n            {{#each current_selected_items}}\n                <input type=\"hidden\" name=\"{{param_name}}[]\" value=\"{{param_value}}\"/>\n            {{/each}}\n            <input type=\"hidden\" name=\"search_query\" value=\"{{search_query}}\">\n            {{#if this.sort}}\n                <input type=\"hidden\" name=\"sort\" value=\"{{this.sort}}\">\n            {{/if}}\n            <fieldset class=\"form-fieldset\">\n                <div class=\"form-minMaxRow\">\n                    <div class=\"form-field\">\n                        <input\n                            name=\"min_price\"\n                            placeholder=\"{{lang 'search.faceted.range.min-placeholder'}}\"\n                            min=\"0\"\n                            class=\"form-input form-input--small\"\n                            required\n                            type=\"number\"\n                            value=\"{{min_price}}\"\n                        />\n                    </div>\n\n                    <div class=\"form-field\">\n                        <input\n                            name=\"max_price\"\n                            placeholder=\"{{lang 'search.faceted.range.max-placeholder'}}\"\n                            min=\"0\"\n                            class=\"form-input form-input--small\"\n                            required\n                            type=\"number\"\n                            value=\"{{max_price}}\"\n                        />\n                    </div>\n\n                    <div class=\"form-field\">\n                        <button class=\"button button--small\" type=\"submit\">\n                            {{lang 'search.faceted.range.update'}}\n                        </button>\n                    </div>\n                </div>\n\n                <div class=\"form-inlineMessage\"></div>\n            </fieldset>\n        </form>\n    </div>\n</div>\n",
  "components/faceted-search/facets/rating": "{{#if items}}\n<div class=\"accordion-block\">\n    {{> components/faceted-search/faceted-search-navigation}}\n\n    <div id=\"facetedSearch-content--{{dashcase facet}}\" class=\"accordion-content facetedSearch-content--{{dashcase facet}}{{#unless start_collapsed}} is-open{{/unless}}\">\n        <ul class=\"navList\">\n            {{#each items}}\n                <li class=\"navList-item\">\n                    <a href=\"{{url}}\"\n                       class=\"navList-action{{#if selected}} is-selected{{/if}}\"\n                       rel=\"nofollow\"\n                       data-faceted-search-facet>\n                        <span class=\"rating--small\">\n                            {{> components/products/ratings rating=title}}\n                        </span>\n                        {{lang 'search.faceted.rating.and-up'}}\n                        {{#if ../show_product_counts}}\n                            <span>({{count}})</span>\n                        {{/if}}\n                    </a>\n                </li>\n            {{/each}}\n        </ul>\n    </div>\n</div>\n{{/if}}\n",
  "components/faceted-search/faceted-search-navigation": "<div class=\"accordion-nav-clear-holder\">\n    <button type=\"button\"\n         class=\"accordion-navigation toggleLink{{#unless start_collapsed}} is-open{{/unless}}\"\n         data-collapsible=\"#facetedSearch-content--{{dashcase facet}}\"\n         aria-label=\"{{lang 'search.faceted.toggleSection' title=title}}\"\n    >\n        <span class=\"accordion-title\">\n            {{title}}\n        </span>\n\n        <span>\n            <svg class=\"icon accordion-indicator toggleLink-text toggleLink-text--off\">\n                <use xlink:href=\"#icon-add\" />\n            </svg>\n            <svg class=\"icon accordion-indicator toggleLink-text toggleLink-text--on\">\n                <use xlink:href=\"#icon-remove\" />\n            </svg>\n        </span>\n    </button>\n    {{#if selected}}\n        <a href=\"{{remove_url}}\" class=\"facetedSearch-clearLink\" data-faceted-search-facet>{{lang 'search.faceted.clear'}}</a>\n    {{/if}}\n</div>\n",
  "components/products/ratings": "{{#for 1 5}}\n    {{#if ../this.rating '>=' $index}}\n        <span class=\"icon icon--ratingFull\">\n            <svg>\n                <use xlink:href=\"#icon-star\" />\n            </svg>\n        </span>\n    {{else}}\n        <span class=\"icon icon--ratingEmpty\">\n            <svg>\n                <use xlink:href=\"#icon-star\" />\n            </svg>\n        </span>\n    {{/if}}\n{{/for}}\n{{{snippet 'product_rating'}}}\n"
}