{
  "en-ca": "{\n    \"header\": {\n        \"welcome_back\": \"Good day, {name}\",\n        \"sign_out\": \"Sign Out\"\n    }\n}\n",
  "fr-ca": "{\n    \"header\": {\n        \"welcome_back\": \"Bonjour, {name}\"\n    }\n}\n",
  "en": "{\n  \"header\": {\n    \"welcome_back\": \"Welcome back, {name}\"\n  },\n  \"footer-headers\": {\n    \"contact\": \"Contact Us\",\n    \"accounts\": \"Accounts & Orders\",\n    \"important-links\": \"Navigate\",\n    \"recent-blogs\": \"Recent Blog Posts\"\n  },\n  \"footer\": {\n    \"brands\": \"Popular Brands\",\n    \"navigate\": \"Navigate\",\n    \"info\": \"Info\",\n    \"categories\": \"Categories\",\n    \"call_us\": \"Call us at {phone_number}\"\n\n  },\n  \"social-feed\": {\n    \"latest_instagram\": \"#Instagram Feed\"\n  },\n  \"home\": {\n    \"heading\": \"Home\"\n  },\n  \"blog\": {\n    \"recent_posts\": \"Recent Posts\",\n    \"label\": \"Blog\",\n    \"posted_by\": \"Posted by {name}\"\n  },\n  \"unavailable\": {\n    \"hibernation_title\": \"We'll be back\",\n    \"hibernation_message\": \"Thanks for visiting. Our store is currently unavailable. We apologize for any inconvenience caused.\",\n    \"maintenance_title\": \"Down for Maintenance\",\n    \"maintenance_message\": \"This store is currently unavailable due to maintenance. It should be available again shortly. We apologize for any inconvenience caused.\"\n  },\n  \"brands\": {\n    \"no_products\": \"There are no products listed under this brand.\"\n  },\n  \"categories\": {\n    \"no_products\": \"There are no products listed under this category.\"\n  },\n  \"cart\": {\n    \"continue_shopping\": \"Click here to continue shopping\",\n    \"items\": \"{NUM, plural, =0{(0 items)} one {(# item)} other {(# items)}}\",\n    \"checkout\": {\n      \"address\": {\n        \"multiple\": \"check out with multiple addresses\",\n        \"or\": \"or\"\n      },\n      \"button\": \"Checkout\",\n      \"empty_cart\": \"Your cart is empty\",\n      \"title\": \"Click here to proceed to checkout\",\n      \"item\": \"Item\",\n      \"price\": \"Price\",\n      \"quantity\": \"Quantity\",\n      \"total\": \"Total\",\n      \"change\": \"Change\",\n      \"subtotal\": \"Subtotal\",\n      \"enter_code\": \"Coupon code / Gift certificate\",\n      \"gift_wrapping\": \"Gift wrapping\",\n      \"shipping\": \"Shipping\",\n      \"grand_total\": \"Grand total\",\n      \"select\": \"Select\",\n      \"update\": \"Update shipping cost\"\n    },\n    \"preview\": {\n      \"checkout_now\": \"Check out now\",\n      \"checkout_multiple\": \"or check out with multiple addresses\",\n      \"view_cart\": \"View Cart\"\n    },\n    \"label\": \"Your Cart ({quantity, plural, one {# item} other {# items}})\",\n    \"is_empty\": \"Your cart is empty\",\n    \"coupon_code\": \"Coupon Code\",\n    \"discount\": \"Discount\",\n    \"gift_certificate\": \"Gift Certificate\",\n    \"remove_file\": \"Remove this file\",\n    \"freeshipping\": \"Free Shipping\",\n    \"reconfigure_product\": \"Configure '{name}'\",\n    \"shipping_peritem\": \"Per Item Shipping\",\n    \"confirm_delete\": \"Are you sure you want to delete this item?\",\n    \"coupons\": {\n      \"empty_error\": \"Please enter your coupon code.\",\n      \"cancel\": \"Cancel\",\n      \"add_code\": \"Add code\",\n      \"add_coupon\": \"Add Coupon\",\n      \"button\": \"Apply\",\n      \"coupon_code\": \"Enter your coupon code\",\n      \"code_label\": \"Coupon ({code})\",\n      \"remove\": \"Remove\"\n    },\n    \"gift_certificates\": {\n      \"add_cert_code\": \"Add Certificate\",\n      \"gift_certificate\": \"Gift Certificate\",\n      \"code_label\": \"Gift Certificate ({code})\",\n      \"cert_code\": \"Enter your certificate code\",\n      \"empty_error\": \"Please enter your valid certificate code.\",\n      \"remove\": \"Remove\"\n    },\n    \"shipping_estimator\": {\n      \"add_info\": \"Add Info\",\n      \"select_a_country\": \"Country\",\n      \"select_a_state\": \"State/province\",\n      \"estimate_shipping\": \"Estimate Shipping\",\n      \"suburb_city\": \"Suburb/city\",\n      \"zip_postal_code\": \"Zip/postcode\",\n      \"free_shipping\": \"Free shipping\",\n      \"hide_ups_rates\": \"Hide UPS Rates\",\n      \"show_ups_rates\": \"Show UPS Rates\"\n    },\n    \"gift_wrapping\": {\n      \"title\": \"Gift Wrapping\",\n      \"add\": \"Add\",\n      \"change\": \"Change\",\n      \"remove\": \"Remove\",\n      \"choose_how\": \"Please choose how you'd like to have this item gift wrapped.\",\n      \"option_same\": \"I'd like to wrap each of this item using the same wrapping options\",\n      \"item_single\": \"Gift wrapping - {name}\",\n      \"item_multiple\": \"Item {index} - {name}\",\n      \"option_different\": \"I'd like to gift wrap each item separately\",\n      \"choose_type\": \"Please choose a type of giftwrapping\",\n      \"gift_message\": \"Gift Message\",\n      \"remove_confirm\": \"Are you sure you want to remove the gift wrapping from this item?\",\n      \"preview\": \"Preview\"\n    },\n    \"added_to_cart\": {\n      \"what_next\": \"Ok, {num_products, plural, one {1 item was} other {# items were}} added to your cart. What's next?\",\n      \"your_cart_contains\": \"Your cart contains {num_products, plural, one {1 item} other {# items}}\",\n      \"proceed_to_checkout\": \"Proceed to checkout\",\n      \"order_subtotal\": \"Order subtotal\",\n      \"continue_shopping\": \"Continue Shopping\",\n      \"view_or_edit_cart\": \"View or edit your cart\",\n      \"you_might_also_like\": \"You may also like\"\n    }\n  },\n  \"common\": {\n    \"store_credit\": \"You have <strong>{store_credit}</strong> of store credit. To use it, simply place your order and you will be able to choose store credit as the payment method when it comes time to pay for your order.\",\n    \"store_credit_overview\": \"{credit} Store Credit\",\n    \"generic_error\": \"Oops! Something went wrong.\",\n    \"currency\": \"{code}\",\n    \"newsletter_signup\": \"Join Our Mailing List\",\n    \"form_submit\": \"Submit\",\n    \"no_preference\": \"No Preference\",\n    \"other_details\": \"Other Details\",\n    \"required\": \"*\",\n    \"optional\": \"Optional\",\n    \"email_address\": \"Email Address\",\n    \"edit\": \"Edit\",\n    \"not_applicable\": \"N/A\",\n    \"no\": \"No\",\n    \"yes\": \"Yes\",\n    \"from\": \"From\",\n    \"to\": \"to\",\n    \"cancel\": \"Cancel\",\n    \"close\": \"Close\",\n    \"or\": \"or\",\n    \"compare\": \"Compare\",\n    \"sign_up\": \"Sign Up\",\n    \"login\": \"Login\",\n    \"logout\": \"Logout\",\n    \"account\": \"Account\",\n    \"cart\": \"Cart\",\n    \"search\": \"Search\",\n    \"gift_cert\": \"Gift Certificates\",\n    \"save\": \"Save\",\n    \"share\": \"Share\",\n    \"delete\": \"Delete\",\n    \"public\": \"Public\",\n    \"private\": \"Private\",\n    \"view_all\": \"View All\",\n    \"all\": \"All\",\n    \"paginator\": {\n      \"page_of\": \"Page {current} of {total}\"\n    },\n    \"prices_are_in\": \"Prices are in {CODE}\",\n    \"previous\": \"Previous\",\n    \"next\": \"Next\",\n    \"sorter\": {\n      \"relevance\": \"Relevance\",\n      \"sort_by\": \"Sort By:\",\n      \"featured\": \"Featured Items\",\n      \"top_sellers\": \"Best Selling\",\n      \"newest\": \"Newest Items\",\n      \"alpha_asc\": \"A to Z\",\n      \"alpha_desc\": \"Z to A\",\n      \"reviews\": \"By Review\",\n      \"price_asc\": \"Price: Ascending\",\n      \"price_desc\": \"Price: Descending\"\n    },\n    \"loading\": \"Loading\",\n    \"month\": \"Month\",\n    \"day\": \"Day\",\n    \"year\": \"Year\",\n    \"short_months\": {\n      \"1\": \"Jan\",\n      \"2\": \"Feb\",\n      \"3\": \"Mar\",\n      \"4\": \"Apr\",\n      \"5\": \"May\",\n      \"6\": \"Jun\",\n      \"7\": \"Jul\",\n      \"8\": \"Aug\",\n      \"9\": \"Sep\",\n      \"10\": \"Oct\",\n      \"11\": \"Nov\",\n      \"12\": \"Dec\"\n    }\n  },\n  \"compare\": {\n    \"button\": \"Compare Products\",\n    \"header\": \"Comparing {products, plural, one {# Product} other {# Products}}\",\n    \"remove\": \"Remove\",\n    \"no_remove\": \"At least 2 products are needed to make a valid comparison.\",\n    \"add_to_cart\": \"Add to cart\"\n  },\n  \"category\": {\n    \"label\": \"Categories\",\n    \"shop_by_price\": \"Shop By Price\",\n    \"reset\": \"Reset\",\n    \"view_all\": {\n      \"name\": \"All {category}\"\n    }\n  },\n  \"brand\": {\n    \"label\": \"Brands\",\n    \"view_brands\": \"View all brands\"\n  },\n  \"gift_certificate\": {\n    \"heading\": \"Gift Certificates\",\n    \"purchase\": {\n      \"heading\": \"Purchase Gift Certificate\"\n    },\n    \"redeem\": {\n      \"heading\": \"Redeem Gift Certificate\",\n      \"intro\": \"To redeem a gift certificate at {store_name}, follow the simple steps below.\",\n      \"item1\": \"You need your unique gift certificate code, which is part of the gift certificate that was emailed to you as an attachment. It will look something like Z50-Y6K-COS-402.\",\n      \"item2\": \"Browse the store and add items to your cart as you normally would.\",\n      \"item3\": \"Click the '<a href=\\\"{cart_url}\\\">View Cart</a>' link to view the contents of your shopping cart.\",\n      \"item4\": \"Type your gift certificate code in to the 'Redeem Gift Certificate' box and click 'Go'.\"\n    },\n    \"balance\": {\n      \"heading\": \"Check Gift Certificate Balance\",\n      \"intro\": \"You can check the balance of a gift certificate by typing the code in to the box below.\"\n    }\n  },\n  \"create_account\": {\n    \"heading\": \"New Account\",\n    \"captcha_heading\": \"Security Question\",\n    \"created\": {\n      \"heading\": \"Your account has been created\",\n      \"intro\": \"Thank you for creating your account at {store_name}. Your account details have been emailed to <strong>{email}</strong>\",\n      \"continue\": \"Continue Shopping\"\n    }\n  },\n  \"login\": {\n    \"heading\": \"Login\",\n    \"field_email\": \"Email Address:\",\n    \"field_password\": \"Password:\",\n    \"submit_value\": \"Login\",\n    \"forgot_password\": \"Forgot your password?\",\n    \"new_customer\": {\n      \"heading\": \"New Customer?\",\n      \"intro\": \"Create an account with us and you'll be able to:\",\n      \"fact1\": \"Check out faster\",\n      \"fact2\": \"Save multiple shipping addresses\",\n      \"fact3\": \"Access your order history\",\n      \"fact4\": \"Track new orders\",\n      \"fact5\": \"Save items to your wish list\",\n      \"create_account\": \"Create Account\"\n    }\n  },\n  \"reset_password\": {\n    \"heading\": \"Reset Password\",\n    \"intro\": \"Fill in your email below to request a new password. An email will be sent to the address below containing a link to verify your email address.\"\n  },\n  \"account\": {\n    \"breadcrumb\": \"Your Account\",\n    \"nav\": {\n      \"overview\": \"Overview\",\n      \"orders\": \"Orders\",\n      \"returns\": \"Returns\",\n      \"messages\": \"Messages ({num_new_messages})\",\n      \"wishlists\": \"Wish Lists ({num_wishlists})\",\n      \"recently_viewed\": \"Recently Viewed\",\n      \"settings\": \"Account Settings\",\n      \"addresses\": \"Addresses\"\n    },\n    \"mobile_nav\": {\n      \"messages\": \"Messages\",\n      \"wishlists\": \"Wish Lists\"\n    },\n    \"addresses\": {\n      \"heading\": \"Addresses\",\n      \"add_heading\": \"Add New Address\",\n      \"primary\": \"Primary\",\n      \"phone\": \"Phone:\",\n      \"new_address\": \"New Address\",\n      \"no_addresses\": \"You currently have no addresses added to your profile\"\n    },\n    \"messages\": {\n      \"heading\": \"Messages\",\n      \"customer_said\": \"You said:\",\n      \"merchant_said\": \"{store_name} said:\"\n    },\n    \"orders\": {\n      \"heading\": \"Orders\",\n      \"none\": \"You haven't placed any orders with us. When you do, their status will appear on this page.\",\n      \"return\": {\n        \"already_returned\": \"This order contains no products that can be returned. Have you already returned all of the items within this order?\",\n        \"back_button\": \"Go back\",\n        \"order_item\": \"Item\",\n        \"item_price\": \"Price\",\n        \"quantity\": \"Qty To Return\",\n        \"why\": \"Why are you returning these items?\",\n        \"reason\": \"Return Reason\",\n        \"action\": \"Return Action\",\n        \"comments\": \"Comments\"\n      },\n      \"gift_wrapping\": \"Gift wrapping:\",\n      \"refunded\": \"(Refunded)\",\n      \"refunded_quantity\": \"({qty} refunded)\",\n      \"return_item\": \"Return\",\n      \"return_items\": \"Return Items?\",\n      \"order_placed\": \"Order Placed\",\n      \"last_update\": \"Last Update\",\n      \"list\": {\n        \"order_number\": \"Order #{number}\",\n        \"product_details\": \"{num_products, plural, one {1 product} other {# products}} totaling {cost}\"\n      },\n      \"details\": {\n        \"heading\": \"Order #{number}\",\n        \"order_contents\": \"Order Contents\",\n        \"ship_to\": \"Ship To\",\n        \"ship_to_multi\": \"Items shipped to {street}, {city}, {state}, {zip}, {country}\",\n        \"ship_to_multi_text\": \"Order will be shipped to multiple addresses\",\n        \"bill_to\": \"Bill To\",\n        \"how_to_pay\": \"Here's how to pay for your order:\",\n        \"order_details\": \"Order Details\",\n        \"order_total\": \"Order total:\",\n        \"order_status\": \"Order status:\",\n        \"payment_date\": \"Order date:\",\n        \"payment_method\": \"Payment method:\",\n        \"comments\": \"Order Comments\",\n        \"download_items\": \"Download Items\",\n        \"card_ending\": \"ending in {card}\",\n        \"shipments\": {\n          \"date\": \"Date Shipped\",\n          \"method\": \"Shipping Method\",\n          \"link\": \"Tracking Link\",\n          \"header\": \"Shipping Details\"\n        },\n        \"actions\": \"Actions\",\n        \"reorder\": \"Reorder\",\n        \"return\": \"Return\",\n        \"print_invoice\": \"Print Invoice\"\n      },\n      \"downloads\": {\n        \"heading\": \"Order #{number} Downloads\",\n        \"download_files_below\": \"Below you can download the files for\",\n        \"expired_content\": \"File has expired\",\n        \"days_remaining\": \"{number, plural, one {1 day} other {# days}}\",\n        \"downloads_remaining\": \"{number, plural, one {1 download} other {# downloads}} remaining\",\n        \"days_or_downloads\": \"or {number} downloads\",\n        \"remaining\": \"remaining\"\n      }\n    },\n    \"returns\": {\n      \"heading\": \"Returns\",\n      \"error_no_qty\": \"Please select one or more items to return.\",\n      \"none\": \"You haven't placed any returns with us. When you do, they will appear on this page.\",\n      \"new_return\": \"New Return\",\n      \"from_order\": \"Return Items from Order #{id}\",\n      \"date_requested\": \"Return Requested\",\n      \"successful_heading\": \"Return Request Submitted\",\n      \"successful\": \"Your return was submitted successfully. We'll respond as soon as we can.\",\n      \"return\": \"Return to Orders\",\n      \"last_update\": \"Last Update\",\n      \"reason\": \"Return Reason\",\n      \"action\": \"Return Action\",\n      \"comments\": \"Your Comments\",\n      \"list\": {\n        \"return_number\": \"Return #{id}\",\n        \"product_details\": \"Returning {num_products}\"\n      },\n      \"status\": {\n        \"pending\": \"Pending\",\n        \"received\": \"Received\",\n        \"authorized\": \"Authorized\",\n        \"repaired\": \"Repaired\",\n        \"refunded\": \"Refunded\",\n        \"rejected\": \"Rejected\",\n        \"cancelled\": \"Cancelled\"\n      }\n    },\n    \"settings\": {\n      \"heading\": \"Account Settings\",\n      \"first_name\": \"First Name\",\n      \"last_name\": \"Last Name\",\n      \"email\": \"Email Address\",\n      \"company\": \"Company\",\n      \"phone\": \"Phone Number\",\n      \"old_password\": \"Old Password\",\n      \"new_password\": \"New Password\",\n      \"confirm_password\": \"Confirm Password\",\n      \"update_details\": \"Update Details\"\n    },\n    \"recent_items\": {\n      \"heading\": \"Recently Viewed\",\n      \"no_items\": \"The items you've recently looked at on our site will appear below.\"\n    },\n    \"wishlists\": {\n      \"heading\": \"Wishlist\",\n      \"tag_line\": \"Fill in the form below to create a wish list. Click the \\\"Save\\\" button when you're done.\",\n      \"new\": \"New Wishlist\",\n      \"you_have_none\": \"You have no wishlists, add one now.\",\n      \"empty_wishlist\": \"Your wish list is empty. When you add items to your wish list they will appear here.\",\n      \"num_items\": \"Items\",\n      \"add_item\": \"Save to Wishlist\",\n      \"remove_item\": \"Remove Item\",\n      \"name\": \"Wishlist Name\",\n      \"shared\": \"Shared\",\n      \"action\": \"Action\",\n      \"add\": \"Add Wishlist\",\n      \"delete_all\": \"Delete All\",\n      \"edit\": \"Edit Wishlist\",\n      \"view_heading\": \"Wish List: {name}\",\n      \"share_intro\": \"Share this wishlist with friends:\",\n      \"num_products\": \"{num_products, plural, one {1 product} other {# products}}\",\n      \"create\": \"Create Wishlist\",\n      \"save\": \"Save Wishlist\",\n      \"delete_alert\": \"Are you sure you want to delete your wish list(s)? This action cannot be undone.\",\n      \"create_new\": \"Create New Wish List\",\n      \"add_to_default\": \"Add to My Wish List\"\n    }\n  },\n  \"page\": {\n    \"label\": \"Quick Links\",\n    \"rss\": {\n      \"intro\": \"RSS feeds are used for syndicating regularly changing content on a web site, including this one. You can open an RSS feed using an RSS reader and use it to see if there is any new content on this site or you can set up a server-side script to parse the feed and display it on your web site.\",\n      \"heading\": \"RSS Syndication\",\n      \"blog\": {\n        \"heading\": \"Recent Blog Posts\",\n        \"intro\": \"The recent post feed contains the latest {limit} blog posts published on {store}.\",\n        \"rss\": \"Latest {limit} Blog Posts (RSS)\",\n        \"rss_atom\": \"Latest {limit} Blog Posts (Atom)\"\n      },\n      \"products\": {\n        \"new\": {\n          \"heading\": \"New Products\",\n          \"intro\": \"The latest products feed contains the latest {limit} products added to {store}.\",\n          \"rss\": \"Latest {limit} New Products (RSS)\",\n          \"rss_atom\": \"Latest {limit} New Products (Atom)\"\n        },\n        \"popular\": {\n          \"heading\": \"Popular Products\",\n          \"intro\": \"The popular products feed contains the top {limit} most popular products on {store} as rated by users.\",\n          \"rss\": \"Latest {limit} Popular Products (RSS)\",\n          \"rss_atom\": \"Latest {limit} Popular Products (Atom)\"\n        },\n        \"featured\": {\n          \"heading\": \"Featured Products\",\n          \"intro\": \"The featured products feed contains the latest {limit} featured products on {store}.\",\n          \"rss\": \"Latest {limit} Featured Products (RSS)\",\n          \"rss_atom\": \"Latest {limit} Featured Products (Atom)\"\n        }\n      },\n      \"search\": {\n        \"heading\": \"Product Searches\",\n        \"intro1\": \"Product search feeds allow you to save your custom product searches as syndication feed that will always update when there are new results.\",\n        \"intro2\": \"To create a product search feed, perform a standard search on {store} and at the bottom of the page click on one of the syndication options.\"\n      }\n    }\n  },\n  \"forms\": {\n    \"range\": \"You need to enter numbers only between: {limitTo} and {limitFrom}\",\n    \"contact_us\": {\n      \"full_name\": \"Full Name\",\n      \"email\": \"Email Address\",\n      \"company\": \"Company Name\",\n      \"phone\": \"Phone Number\",\n      \"order\": \"Order Number\",\n      \"rma\": \"RMA Number\",\n      \"captcha\": \"Are you human?\",\n      \"captcha_desc\": \"Please copy the characters from the image into the text field below. Doing this helps us prevent automated submissions.\",\n      \"question\": \"Comments/Questions\",\n      \"submit\": \"Submit Form\",\n      \"successful\": \"We've received your feedback and will respond shortly if required. <a href=\\\"{shopPath}\\\">Continue</a>.\"\n    },\n    \"create_account\": {\n      \"submit_value\": \"Create Account\"\n    },\n    \"new_password\": {\n      \"heading\": \"Change Password\",\n      \"password\": \"New Password\",\n      \"password2\": \"Confirm Password\",\n      \"submit_value\": \"Continue\"\n    },\n    \"address\": {\n      \"add\": {\n        \"heading\": \"Add New Address\",\n        \"description\": \"Use the form below to change any/all details of your shipping address. Click the 'Save Address' button when you are done.\"\n      },\n      \"edit\": {\n        \"heading\": \"Update Address\"\n\n      },\n      \"confirm_delete\": \"Are you sure you want to delete this address?\",\n      \"submit_value\": \"Save Address\"\n    },\n    \"gift_certificate\": {\n      \"purchase\": {\n        \"to_name\": \"Recipient's Name\",\n        \"to_email\": \"Recipient's Email\",\n        \"from_name\": \"Your Name\",\n        \"from_email\": \"Your Email\",\n        \"message\": \"Optional Message\",\n        \"amount\": \"Amount\",\n        \"theme\": \"Gift Certificate Theme\",\n        \"custom_range\": \"(Value must be between {min} and {max})\",\n        \"agree\": \"I understand that Gift Certificates expire after {days, plural, one {1 day} other {# days}}\",\n        \"agree2\": \"I agree that Gift Certificates are nonrefundable\",\n        \"preview\": \"Preview\",\n        \"preview_error\": \"There was a problem loading the preview. Please try again later.\",\n        \"submit_value\": \"Add Gift Certificate to Cart\"\n      },\n      \"balance\": {\n        \"code\": \"Gift Certificate Code\",\n        \"submit_value\": \"Check Balance\"\n      }\n    },\n    \"inbox\": {\n      \"order\": \"Order:\",\n      \"order_display\": \"Order #{id} - Placed on {date} for {total}\",\n      \"subject\": \"Subject\",\n      \"message\": \"Message\",\n      \"submit_value\": \"Send Message\",\n      \"send_message\": \"Send a Message\",\n      \"clear_value\": \"Clear\",\n      \"no_orders\": \"Once you place an order you'll have full access to send messages from this page.\"\n    },\n    \"search\": {\n      \"query\": \"Search Keyword\",\n      \"show\": \"Show Search Form\",\n      \"hide\": \"Hide Search Form\",\n      \"title\": \"Advanced Search\",\n      \"price_range\": \"Price Range\",\n      \"by_price\": \"Search By Price\",\n      \"by_setting\": \"Search By Setting\",\n      \"search\": \"Search\",\n      \"free_shipping\": {\n        \"title\": \"Free Shipping\",\n        \"free\": \"Only Free Shipping\",\n        \"paid\": \"Only Paid Shipping\"\n      },\n      \"featured_products\": {\n        \"title\": \"Featured Products\",\n        \"enabled\": \"Only Featured Products\",\n        \"disabled\": \"Only Non-Featured Products\"\n      },\n      \"categories\": \"Categories\",\n      \"did_you_mean\": \"Did you mean:\",\n      \"your_search_for\": \"Your search for\",\n      \"no_match\": \"did not match any products or information.\",\n      \"suggestions\": {\n        \"title\": \"Suggestions:\",\n        \"line1\": \"Make sure all words are spelled correctly.\",\n        \"line2\": \"Try different keywords.\",\n        \"line3\": \"Try more general keywords.\"\n      },\n      \"refine\": \"Refine Search\",\n      \"brand\": \"Brands\",\n      \"searchsubs\": \"Automatically search sub categories\"\n    },\n    \"wishlist\": {\n      \"name\": \"Wishlist Name:\",\n      \"public\": \"Share Wishlist?\"\n    },\n    \"validate\": {\n      \"account\": {\n        \"edit\": {\n          \"password\": \"You must enter your current password.\",\n          \"first_name\": \"You must enter a first name.\",\n          \"last_name\": \"You must enter a last name.\",\n          \"phone\": \"You must enter a phone number.\"\n        },\n        \"reorder\": {\n          \"select_item\": \"Please select one or more items to reorder.\"\n        },\n        \"inbox\": {\n          \"order\": \"You must select an order.\",\n          \"subject\": \"You must enter a subject.\",\n          \"message\": \"You must enter a message.\"\n        }\n      },\n      \"common\": {\n        \"name\": \"You must enter your name.\",\n        \"password\": \"You must enter a password.\",\n        \"password_match\": \"Your passwords do not match.\",\n        \"email_address\": \"Please use a valid email address, such as user@example.com.\",\n        \"valid_email\": \"You must enter a valid email.\"\n      },\n      \"contact\": {\n        \"email_address\": \"Please use a valid email address, such as user@example.com.\",\n        \"question\": \"You must enter your question.\"\n      },\n      \"gift\": {\n        \"to_name\": \"You must enter a valid recipient name.\",\n        \"to_email\": \"You must enter a valid recipient email.\",\n        \"from_name\": \"You must enter your name.\",\n        \"from_email\": \"You must enter a valid email.\",\n        \"cert_theme\": \"You must select a gift certificate theme.\",\n        \"agree_terms\": \"You must agree to these terms.\"\n      },\n      \"reviews\": {\n        \"rating\": \"The 'Rating' field cannot be blank.\",\n        \"title\": \"The 'Review Subject' field cannot be blank.\",\n        \"comment\": \"The 'Comments' field cannot be blank.\"\n      }\n    }\n  },\n  \"products\": {\n    \"current_stock\": \"Current Stock:\",\n    \"quantity\": \"Quantity:\",\n    \"quantity_decrease\": \"Decrease Quantity:\",\n    \"quantity_increase\": \"Increase Quantity:\",\n    \"purchase_units\": \"{quantity, plural, =0{0 units} one {# unit} other {# units}}\",\n    \"max_purchase_quantity\": \"Maximum Purchase:\",\n    \"min_purchase_quantity\": \"Minimum Purchase:\",\n    \"related_products\": \"Recommended\",\n    \"top\": \"Current Top Sellers\",\n    \"similar_by_views\": \"You May Also Like\",\n    \"featured\": \"Featured Products\",\n    \"file_option_set\": \"Currently: <a href=\\\"{url}\\\" target=\\\"_blank\\\">{name}</a>\",\n    \"new\": \"New Products\",\n    \"warranty\": \"Other Details\",\n    \"reviews\": {\n      \"captcha_heading\": \"Security Question\",\n      \"hide\": \"Hide Reviews\",\n      \"new\": \"Write a Review\",\n      \"show\": \"Show Reviews\",\n      \"header\": \"{total, plural, =0{0 Reviews} one {# Review} other {# Reviews}}\",\n      \"rating\": \"Rating\",\n      \"link_to_review\": \"({total, plural, =0{No reviews yet} one {# review} other {# reviews}})\",\n      \"post_on_by\": \"Posted by { name } on { date }\",\n      \"rating_label\": \"Rating\",\n      \"select_rating\": \"Select Rating\",\n      \"anonymous_poster\": \"Unknown\",\n      \"rating\": {\n        \"1\": \"1 star (worst)\",\n        \"2\": \"2 stars\",\n        \"3\": \"3 stars (average)\",\n        \"4\": \"4 stars\",\n        \"5\": \"5 stars (best)\"\n      },\n      \"write_a_review\": \"Write a Review\",\n      \"form_write\": {\n        \"name\": \"Name\",\n        \"email\": \"Email\",\n        \"subject\": \"Review Subject\",\n        \"comments\": \"Comments\",\n        \"submit_value\": \"Submit Review\"\n      }\n    },\n    \"videos\": {\n      \"header\": \"Videos\",\n      \"hide\": \"Hide Videos\",\n      \"show\": \"Show Videos\"\n    },\n    \"add_to_cart\": \"Add to Cart\",\n    \"adding_to_cart\": \"Adding to cart…\",\n    \"options\": \"Options\",\n    \"none\": \"None\",\n    \"sku\": \"SKU:\",\n    \"upc\": \"UPC:\",\n    \"condition\": \"Condition:\",\n    \"availability\": \"Availability:\",\n    \"shipping\": \"Shipping:\",\n    \"shipping_fixed\": \"{amount} (Fixed Shipping Cost)\",\n    \"shipping_free\": \"Free Shipping\",\n    \"shipping_calculated\": \"Calculated at Checkout\",\n    \"sold_out\": \"Sold Out\",\n    \"pre_order\": \"Pre-Order Now\",\n    \"choose_options\": \"Choose Options\",\n    \"quick_view\": \"Quick view\",\n    \"compare\": \"Compare\",\n    \"max_filesize\": \"Maximum file size is\",\n    \"filetypes\": \"file types are\",\n    \"choose_an_option\": \"Please choose an option\",\n    \"select_one\": \"Please select one\",\n    \"description\": \"Description\",\n    \"retail_price\": \"MSRP\",\n    \"price_with_tax\": \"(Inc. {tax_label})\",\n    \"price_without_tax\": \"(Ex. {tax_label})\",\n    \"including_tax\": \"Including Tax\",\n    \"excluding_tax\": \"Excluding Tax\",\n    \"weight\": \"Weight:\",\n    \"width\": \"Width:\",\n    \"height\": \"Height:\",\n    \"depth\": \"Depth:\",\n    \"measurement\": {\n      \"metric\": \"cm\",\n      \"imperial\": \"in\"\n    },\n    \"you_save_opening_text\": \"(You save\",\n    \"you_save_closing_bracket\": \")\",\n    \"gift_wrapping\": \"Gift wrapping:\",\n    \"gift_wrapping_available\": \"Options available\",\n    \"quantity_min\": \"The minimum purchasable quantity is {quantity}\",\n    \"quantity_max\": \"The maximum purchasable quantity is {quantity}\",\n    \"bulk_pricing\": {\n      \"title\": \"Quantity Discounts\",\n      \"view\": \"Buy in bulk and save\",\n      \"modal_title\": \"Bulk discount rates\",\n      \"instructions\": \"Below are the available bulk discount rates for each individual item when you purchase a certain amount\",\n      \"range\": \"Buy {min} {max, plural, =0{or above} other {- #}}\",\n      \"percent\": \"and get {discount} off\",\n      \"price\": \"and get {discount} off\",\n      \"fixed\": \"and pay only {discount} each\",\n      \"range_short\": \"{min} {max, plural, =0{+} other {- #}}\",\n      \"price_text\": \"Price Each\",\n      \"saving_text\": \"Savings\",\n      \"quantity_text\": \"Quantity\",\n      \"message\": \"Buy more - Save more\",\n      \"saving_percent\": \"{percent} %\"\n    }\n  },\n  \"invoice\": {\n    \"for_order\": \"{name} Invoice for Order #{id}\",\n    \"phone\": \"Phone: {number}\",\n    \"email\": \"Email: {email}\",\n    \"order\": \"Order:\",\n    \"payment_method\": \"Payment Method:\",\n    \"order_date\": \"Order Date:\",\n    \"shipping_method\": \"Shipping Method:\",\n    \"order_items\": \"Order Items\",\n    \"qty\": \"Qty\",\n    \"code\": \"Code/SKU\",\n    \"shipping_address\": \"Shipping Address\",\n    \"product_name\": \"Product Name\",\n    \"price\": \"Price\",\n    \"total\": \"Total\",\n    \"comments\": \"Comments\"\n  },\n  \"newsletter\": {\n    \"subscribe\": \"Join Our Mailing List\",\n    \"subscribe_intro\": \"Sign up for our newsletter to receive specials and up to date product news and releases.\",\n    \"subscribe_submit\": \"Subscribe\",\n    \"email_placeholder\": \"Your email address\",\n    \"subscribed_heading\": \"Thanks for Subscribing!\",\n    \"subscribed_heading_error\": \"Oops...\",\n    \"subscribed_message\": \"Thank you for joining our mailing list. You'll be sent the next issue of our newsletter shortly\",\n    \"unsubscribed_heading\": \"Unsubscribed!\",\n    \"unsubscribed_message\": \"You will no longer receive marketing emails from <b>{store_name}</b>\",\n    \"popup_headline\": \"Don't Miss Out!\",\n    \"popup_details\": \"Sign up for our newsletter to receive exlusives, offers, and the latest from Lone Star Templates.\",\n    \"popup_button_text\": \"Sign Up\",\n    \"popup_input_placeholder_text\": \"Email Address *\"\n  },\n  \"social\": {\n    \"connect\": \"Follow Us\"\n  },\n  \"errors\": {\n    \"shipping_quote_failure\": \"There was a problem retrieving your shipping quote\",\n    \"state_error\": \"There was a problem retrieving states/provinces\"\n  },\n  \"search\": {\n    \"quick_search\": {\n      \"input_label\": \"Search\",\n      \"input_placeholder\": \"Search\"\n    },\n    \"results\": {\n      \"form_label\": \"Search Keyword:\",\n      \"form_button_text\": \"Search\",\n      \"count\": \"{ count, plural, one {# result} other {# results} } for '{ search_query }'\",\n      \"quick_count\": \"{ count, plural, one {# product result} other {# product results} } for '{ search_query }'\",\n      \"product_count\": \"Products ({count})\",\n      \"content_count\": \"News & Information ({count})\"\n    },\n    \"faceted\": {\n      \"selected\": {\n        \"title\": \"Refine By\",\n        \"rating-label\": \"Rated {rating, plural, one {# Star} other {# Stars}} Or More\",\n        \"no-filters\": \"No filters applied\",\n        \"clear-all\": \"Clear all\"\n      },\n      \"range\": {\n        \"update\": \"Update\",\n        \"min-placeholder\": \"Min.\",\n        \"max-placeholder\": \"Max.\"\n      },\n      \"rating\": {\n        \"and-up\": \"& up\"\n      },\n      \"clear\": \"Clear\",\n      \"more\": \"More\",\n      \"show-more\": \"Show More\",\n      \"show-less\": \"Show Less\",\n      \"show-filters\": \"Show Filters\",\n      \"hide-filters\": \"Hide Filters\",\n      \"browse-by\": \"Browse by\"\n    },\n    \"error\": {\n      \"empty_field\": \"Search field cannot be empty.\"\n    }\n  },\n  \"page_not_found\": {\n    \"page_heading\": \"404 Error - Page not found\",\n    \"message\": \"Uh oh, looks like the page you are looking for has moved or no longer exists.\"\n  },\n  \"server_error\": {\n    \"page_heading\": \"Something Went Wrong...\",\n    \"message\": \"Store is currently unavailable, please try again in a few minutes\"\n  },\n  \"forbidden\": {\n    \"page_heading\": \"403 Error - Forbidden\",\n    \"message\": \"You do not have permission to access this page.\"\n  },\n  \"sitemap\": {\n    \"page_title\": \"Sitemap\",\n    \"show_all_link\": \"Show All\"\n  },\n  \"text_truncate\": {\n    \"view_more\": \"View more details\",\n    \"view_less\": \"Hide details\"\n  },\n  \"cookies\": {\n    \"accept\": \"Accept Cookies\"\n  },\n  \"maintenance\": {\n    \"down\": \"Down for Maintenance\"\n  },\n  \"admin\": {\n    \"maintenance_header\": \"Your store is down for maintenance.\",\n    \"maintenance_tooltip\": \"Only administrators can view the store at the moment. Visit your control panel settings page to disable maintenance mode.\",\n    \"maintenance_showstore_link\": \"Click here to see what your visitors will see.\",\n    \"prelaunch_header\": \"Your storefront is private. Share your site with preview code:\",\n    \"page_builder_link\": \"Design this page in Page Builder\"\n  },\n  \"optimized_checkout\": {\n    \"address\": {\n      \"address_line_1_label\": \"Address Line 1\",\n      \"address_line_1_required_error\": \"Address Line 1 is required\",\n      \"address_line_2_label\": \"Address Line 2\",\n      \"address_line_2_required_error\": \"Address Line 1 is required\",\n      \"address_not_recognized_heading\": \"We did not recognize your address\",\n      \"city_label\": \"City\",\n      \"city_required_error\": \"City is required\",\n      \"company_name_label\": \"Company Name\",\n      \"company_name_required_error\": \"Company is required\",\n      \"confirm_address_action\": \"Proceed with current address\",\n      \"confirm_address_text\": \"We could not find a match for the address you entered. Please confirm the address.\",\n      \"country_label\": \"Country\",\n      \"country_required_error\": \"Country is required\",\n      \"custom_required_error\": \"{label} is required\",\n      \"custom_min_error\": \"{label} should be bigger than {min}\",\n      \"custom_max_error\": \"{label} should be smaller than {max}\",\n      \"custom_valid_error\": \"{label} is not valid\",\n      \"edit_address_action\": \"Edit address\",\n      \"enter_address_action\": \"Enter a new address\",\n      \"first_name_label\": \"First Name\",\n      \"first_name_required_error\": \"First Name is required\",\n      \"last_name_label\": \"Last Name\",\n      \"last_name_required_error\": \"Last Name is required\",\n      \"phone_number_label\": \"Phone Number\",\n      \"phone_number_required_error\": \"Phone Number is required\",\n      \"postal_code_label\": \"Postal Code\",\n      \"postal_code_required_error\": \"Postal Code is required\",\n      \"select_country_action\": \"Select a country\",\n      \"select_state_action\": \"Select a state\",\n      \"state_label\": \"State/Province\",\n      \"state_required_error\": \"State/Province is required\",\n      \"select\": \"Select\",\n      \"select_all\": \"All\",\n      \"select_none\": \"None\"\n    },\n    \"billing\": {\n      \"billing_address_heading\": \"Billing Address\",\n      \"billing_heading\": \"Billing\",\n      \"save_billing_address_error\": \"An error occurred while saving the billing address to your price quote. Please try again.\",\n      \"use_shipping_address_label\": \"My Billing address is the same as my Shipping address\"\n    },\n    \"cart\": {\n      \"based_on_currency_text\": \"Based on {total} {code}\",\n      \"cart_heading\": \"Order Summary\",\n      \"digital_item_text\": \"Digital Item\",\n      \"discount_text\": \"Discount\",\n      \"downloads_action\": \"Go to Downloads\",\n      \"edit_cart_action\": \"Edit Cart\",\n      \"estimated_total_text\": \"Estimated Total\",\n      \"free_text\": \"Free\",\n      \"gift_certificate_text\": \"Gift Certificate\",\n      \"handling_text\": \"Handling\",\n      \"item_count_text\": \"{count, plural, one{1 Item} other{# Items} }\",\n      \"print_action\": \"Print\",\n      \"remove_action\": \"remove\",\n      \"see_all_action\": \"See All\",\n      \"see_less_action\": \"See Less\",\n      \"shipping_text\": \"Shipping\",\n      \"show_details_action\": \"Show Details\",\n      \"store_credit_text\": \"Store Credit\",\n      \"subtotal_text\": \"Subtotal\",\n      \"taxes_text\": \"Taxes\",\n      \"total_text\": \"Total\"\n    },\n    \"common\": {\n      \"cancel_action\": \"Cancel\",\n      \"close_action\": \"Close\",\n      \"continue_action\": \"Continue\",\n      \"edit_action\": \"Edit\",\n      \"error_heading\": \"Something's gone wrong\",\n      \"leave_warning\": \"Are you sure you want to leave? Data you have entered may not be saved.\",\n      \"loading_text\": \"Loading\",\n      \"ok_action\": \"Ok\",\n      \"optional_text\": \"(Optional)\",\n      \"unavailable_error\": \"Checkout is temporarily unavailable. Please try again later.\",\n      \"unavailable_heading\": \"Checkout is temporarily unavailable\"\n    },\n    \"customer\": {\n      \"checkout_as_guest_text\": \"Checking out as a <strong>Guest</strong>? You'll be able to save your details to create an account with us later.\",\n      \"continue_as_guest_action\": \"Continue as guest\",\n      \"create_account_action\": \"Create Account\",\n      \"create_account_error\": \"An error occurred while creating your account. Please try again.\",\n      \"create_account_success\": \"Your account has been created!\",\n      \"create_account_text\": \"Create an account for a faster checkout in the future\",\n      \"create_account_to_continue_text\": \"Don’t have an account? <a href=\\\"/login.php?action=create_account\\\" target=\\\"_blank\\\">Create an account</a> to continue.\",\n      \"customer_heading\": \"Customer\",\n      \"email_invalid_error\": \"Email address must be valid\",\n      \"email_label\": \"Email Address\",\n      \"email_required_error\": \"Email address is required\",\n      \"forgot_password_action\": \"Forgot password?\",\n      \"guest_customer_text\": \"Guest Customer\",\n      \"login_action\": \"Sign in now\",\n      \"login_text\": \"Already have an account?\",\n      \"password_confirmation_error\": \"Passwords do not match\",\n      \"password_confirmation_label\": \"Confirm Password\",\n      \"password_confirmation_required_error\": \"This field is required\",\n      \"password_label\": \"Password\",\n      \"password_letter_required_error\": \"Password needs to contain a letter\",\n      \"password_minimum_character_label\": \"character minimum, case sensitive\",\n      \"password_number_required_error\": \"Password needs to contain a number\",\n      \"password_over_maximum_length_error\": \"Password is too long\",\n      \"password_required_error\": \"Password is required\",\n      \"password_under_minimum_length_error\": \"Password is too short\",\n      \"returning_customer_text\": \"Returning Customer\",\n      \"sign_in_action\": \"Sign In\",\n      \"sign_in_error\": \"The email or password you entered is not valid.\",\n      \"sign_in_throttled_error\": \"Due to excessive login attempts, please wait 10 seconds before attempting to log in again.\",\n      \"sign_out_action\": \"Sign Out\",\n      \"sign_out_error\": \"An error occurred while signing out. Please try again.\",\n      \"subscribe_to_newsletter_text\": \"Yes, I'd like to receive updates.\"\n    },\n    \"payment\": {\n      \"amazon_continue_action\": \"Continue with Amazon\",\n      \"amazon_name_text\": \"Amazon Pay\",\n      \"credit_card_cvv_label\": \"CVV\",\n      \"credit_card_expiration_invalid_error\": \"Expiration date must be a valid future date in MM / YY format\",\n      \"credit_card_expiration_label\": \"Expiration\",\n      \"credit_card_expiration_required_error\": \"Expiration Date is required\",\n      \"credit_card_name_label\": \"Name on Card\",\n      \"credit_card_name_required_error\": \"Full name is required\",\n      \"credit_card_cvv_invalid_error\": \"CVV must be valid\",\n      \"credit_card_cvv_required_error\": \"CVV is required\",\n      \"credit_card_cvv_help_text\": \"For VISA and Mastercard, the CVV is a three-digit code printed on the back. For American Express it is the four-digit code printed on the front. The CVV is a security measure to ensure that you are in possession of the card.\",\n      \"credit_card_number_invalid_error\": \"Credit Card Number must be valid\",\n      \"credit_card_number_label\": \"Credit Card Number\",\n      \"credit_card_number_required_error\": \"Credit Card Number is required\",\n      \"klarna_name_text\": \"Klarna\",\n      \"payment_cancelled\": \"Payment was cancelled\",\n      \"payment_error\": \"An error occurred while processing your payment. Please try again.\",\n      \"payment_heading\": \"Payment\",\n      \"payment_method_disabled_error\": \"The selected payment method is no longer valid. Click OK to see the most up-to-date payment methods.\",\n      \"payment_method_error\": \"Response from payment provider: {message}\",\n      \"payment_method_invalid_error\": \"There's a problem processing your payment from this store. Please contact the seller for assistance or choose another payment method.\",\n      \"payment_method_label\": \"Payment Method\",\n      \"payment_method_unavailable_error\": \"This payment provider is temporarily unavailable. Please try again later.\",\n      \"payment_not_required_text\": \"Payment is not required for this order.\",\n      \"paypal_continue_action\": \"Continue with PayPal\",\n      \"paypal_description_text\": \"Pay using your PayPal account\",\n      \"paypal_name_text\": \"PayPal\",\n      \"place_order_action\": \"Place Order\",\n      \"place_order_error\": \"There was an error placing your order. Please contact us.\",\n      \"select_different_vco_card\": \"Select a different card.\"\n    },\n    \"redeemable\": {\n      \"applied_text\": \"Applied\",\n      \"apply_action\": \"Apply\",\n      \"apply_store_credit_after_action\": \"store credit to order\",\n      \"apply_store_credit_before_action\": \"Apply\",\n      \"code_invalid_error\": \"The gift certificate or coupon code is invalid\",\n      \"code_label\": \"Gift Certificate or Coupon Code\",\n      \"code_required_error\": \"Please enter a gift certificate or coupon code\",\n      \"coupon_text\": \"Coupon\",\n      \"gift_certificate_remaining_text\": \"Remaining\",\n      \"gift_certificate_text\": \"Gift Certificate\",\n      \"remove_action\": \"Remove\",\n      \"store_credit_available_text\": \"Your account currently has {storeCredit} total store credit available\",\n      \"toggle_action\": \"Promo/Gift Certificate\"\n    },\n    \"remote\": {\n      \"browser_unsupported\": \"The selected payment method requires a different web browser. Please choose another payment method.\",\n      \"connection_error\": \"Connection to remote checkout refused, please try later.\",\n      \"continue_with_text\": \"Or continue with\",\n      \"payment_method_error\": \"There was an error retrieving your remote payment method. Please try again.\",\n      \"session_error\": \"Your remote session has expired. Please log in again.\",\n      \"shipping_address_error\": \"There was an error retrieving your remote shipping address. Please try again.\",\n      \"sign_out_action\": \"Sign out of {providerName}\",\n      \"sign_out_after_action\": \"to view other payment methods\",\n      \"sign_in_required_error\": \"Remote sign in required before payment\",\n      \"sign_out_before_action\": \"\"\n    },\n    \"shipping\": {\n      \"cart_change_error\": \"An update to your shopping cart has been detected and your available shipping costs have been updated. Please re-select a shipping method to continue.\",\n      \"enter_shipping_address_text\": \"Please enter a shipping address in order to see shipping quotes\",\n      \"order_comment_label\": \"Order Comments\",\n      \"save_shipping_address_error\": \"An error occurred while saving the shipping address to your price quote. Please try again.\",\n      \"save_shipping_option_error\": \"An error occurred while saving the shipping quote to your order. Please try again.\",\n      \"select_shipping_address_text\": \"Please select a shipping address in order to see shipping quotes\",\n      \"shipping_address_heading\": \"Shipping Address\",\n      \"shipping_heading\": \"Shipping\",\n      \"shipping_method_label\": \"Shipping Method\",\n      \"shipping_option_expired_error\": \"The shipping price you were quoted is no longer valid. Click OK to see the most up-to-date shipping prices.\",\n      \"shipping_option_expired_heading\": \"Your shipping price has been updated\",\n      \"view_shipping_options_action\": \"See Other Options\"\n    },\n    \"social\": {\n      \"share_action\": \"Share\",\n      \"share_heading\": \"Tell your friends about your purchase!\",\n      \"tweet_action\": \"Tweet\"\n    },\n    \"terms_and_conditions\": {\n      \"agreement_required_error\": \"Please agree to the terms and conditions\",\n      \"agreement_text\": \"Yes, I agree with the above terms and conditions\",\n      \"agreement_with_link_text\": \"Yes, I agree with the <a href=\\\"{url}\\\" target=\\\"_blank\\\">terms and conditions</a>\",\n      \"terms_and_conditions_heading\": \"Terms and Conditions\"\n    },\n    \"order_confirmation\": {\n      \"order_number_text\": \"Your order number is <strong>{orderNumber}</strong>\",\n      \"order_pending_review_text\": \"Your order was sent to us but is currently awaiting payment. Once we receive the payment for your order, it will be completed. If you've already provided payment details then we will process your order manually and send you an email when it's completed.\",\n      \"order_with_downloadable_digital_items_text\": \"You can download your digital purchases by clicking the links on this page, or by logging into your account at any time. There is also a download link in your confirmation email, which should be arriving shortly.\",\n      \"order_with_support_number_text\": \"An email will be sent containing information about your purchase. If you have any questions about your purchase, email us at <a ng-href=\\\"mailto:{supportEmail}?Subject=Order {orderNumber}\\\" target=\\\"_top\\\">{supportEmail}</a> or call us at <a href=\\\"tel://{supportPhoneNumber}\\\">{supportPhoneNumber}</a>.\",\n      \"order_without_downloadable_digital_items_text\": \"Once we receive your payment, we’ll send a confirmation email with a link to download your digital purchases.\",\n      \"order_without_support_number_text\": \"An email will be sent containing information about your purchase. If you have any questions about your purchase, email us at <a ng-href=\\\"mailto:{supportEmail}?Subject=Order {orderNumber}\\\" target=\\\"_top\\\">{supportEmail}</a>.\",\n      \"thank_you_customer_heading\": \"Thank you {name}!\",\n      \"thank_you_heading\": \"Thank you!\",\n      \"order_status_update_facebook_messenger_heading\": \"Get instant updates of your order to Messenger\"\n    }\n  },\n  \"sidenav_headers\": {\n    \"categories_header\": \"Shop by Category\",\n    \"brands_header\": \"Shop by Brand\"\n  }\n}\n",
  "fr": "{\n    \"header\": {\n        \"welcome_back\": \"Bienvenue, {name}\"\n    }\n}\n"
}